parent.pop,elevation.group,elev_m,Lat,Long,timeframe,year,cwd,pck,ppt,tmn,tmx,ann_tmean,mean_diurnal_range,temp_seasonality,temp_ann_range,ann_ppt,ppt_seasonality,tmean_wettest_month,tmean_driest_month,ppt_warmest_month,ppt_coldest_month,Season
BH,low,511.4294422,37.40985,-119.96458,historic,1965,68.76333333333334,0,55.325,7.280833333333334,22.2725,14.776666666666666,14.991666666666667,6.274327683408628,32.599999999999994,663.9,119.49813715552249,8.809999999999999,20.60333333333333,8.87,88.08,Water Year
BH,low,511.4294422,37.40985,-119.96458,historic,1966,77.62083333333334,0,35.910833333333336,7.445,23.7125,15.57875,16.2675,7.078010161119373,36.17,430.93000000000006,166.79899150353498,11.53,25.935000000000002,0,94.54,Water Year
BH,low,511.4294422,37.40985,-119.96458,historic,1967,67.32333333333334,0,64.7625,7.704166666666667,22.815833333333334,15.26,15.111666666666666,7.645634523878791,36.06,777.1500000000001,110.80769398239798,8.004999999999999,23.7,0,149.34,Water Year
BH,low,511.4294422,37.40985,-119.96458,historic,1968,79.80333333333333,0,30.93666666666667,7.470833333333333,23.890833333333333,15.680833333333334,16.42,6.7854958395005145,37.199999999999996,371.24,97.19803934857386,5.17,23.445,0,73.47,Water Year
BH,low,511.4294422,37.40985,-119.96458,historic,1969,70.38416666666667,0,81.47,7.559166666666667,22.440833333333334,15,14.881666666666668,7.3477516660169275,35.43,977.64,122.63326346244517,6.75,25.5,0.02,136.7,Water Year
BH,low,511.4294422,37.40985,-119.96458,historic,1970,73.1925,0,46.01416666666667,7.365833333333334,23.844166666666666,15.605,16.478333333333335,6.773341125323602,34.760000000000005,552.17,116.21829737288418,8.725,22.89375,0,77.86,Water Year
BH,low,511.4294422,37.40985,-119.96458,historic,1971,72.99166666666666,0,37.78583333333333,7.1241666666666665,22.589166666666667,14.856666666666666,15.465,7.058848197743586,34.76,453.42999999999995,126.43929194639234,11.934999999999999,23.884999999999998,0,35.18,Water Year
BH,low,511.4294422,37.40985,-119.96458,historic,1972,84.98333333333333,0,26.669999999999998,7.216666666666668,23.169999999999998,15.193333333333333,15.953333333333333,7.477591169418779,37.21,320.04,147.0898546689183,5.04,25.567500000000003,0,26.11,Water Year
BH,low,511.4294422,37.40985,-119.96458,historic,1973,75.28833333333333,0,57.221666666666664,7.7175,22.241666666666667,14.979583333333332,14.524166666666666,7.619452216749792,35.55,686.6599999999999,120.10921741913214,9.375,25.2,0,78.49,Water Year
BH,low,511.4294422,37.40985,-119.96458,historic,1974,69.12833333333333,0,52.8425,7.800833333333333,23.0925,15.446666666666667,15.291666666666666,7.144648770975803,33.76,634.11,94.9078714729063,10.495,22.13,16.96,91.58,Water Year
BH,low,511.4294422,37.40985,-119.96458,historic,1975,68.58916666666667,0,52.266666666666666,6.949166666666667,22.164166666666667,14.556666666666667,15.215,7.28124312979257,33.51,627.1999999999999,107.43033870907252,7.73,24.009999999999998,0.03,86.15,Water Year
BH,low,511.4294422,37.40985,-119.96458,historic,1976,82.87333333333333,0,29.240000000000002,6.6049999999999995,22.386666666666667,14.495833333333334,15.781666666666668,6.642091960072564,35.31,350.88,95.08700930375119,8.53,21.185,0.79,7.71,Water Year
BH,low,511.4294422,37.40985,-119.96458,historic,1977,87.0975,0,20.33,7.3758333333333335,23.240000000000002,15.307916666666667,15.864166666666668,7.049535271057149,35.43,243.95999999999998,81.48049566660511,5.4399999999999995,25.137500000000003,0,48.05,Water Year
BH,low,511.4294422,37.40985,-119.96458,historic,1978,70.51166666666667,0,85.51666666666667,8.724166666666667,23.01,15.867083333333333,14.285833333333333,5.869599823099811,30.259999999999998,1026.2,105.06336585562602,9.41,22.386666666666667,0,138.22,Water Year
BH,low,511.4294422,37.40985,-119.96458,historic,1979,72.67666666666666,0,49.2525,7.611666666666666,22.965833333333332,15.28875,15.354166666666668,7.465320770371857,34.89,591.0300000000001,123.27609672689523,6.515,22.19125,3.21,51.46,Water Year
BH,low,511.4294422,37.40985,-119.96458,historic,1980,71.23583333333333,0,59.443333333333335,8.03,22.8475,15.43875,14.8175,6.016251522864019,31.989999999999995,713.32,122.55134255836028,9.065000000000001,21.605,2.02,236.09,Water Year
BH,low,511.4294422,37.40985,-119.96458,historic,1981,79.75333333333333,0,31.678333333333335,8.665000000000001,24.544999999999998,16.605,15.879999999999999,6.5737867874819855,32.94,380.14,133.87706516368473,9.870000000000001,24.583750000000002,0,28.73,Water Year
BH,low,511.4294422,37.40985,-119.96458,historic,1982,65.91833333333334,0.585,80.91,8.0175,21.976666666666667,14.997083333333334,13.959166666666667,6.369923097271389,33.06,970.9200000000001,88.13513204122677,5.635,18.12,3.35,202.88,Water Year
BH,low,511.4294422,37.40985,-119.96458,historic,1983,64.285,0,96.61166666666666,8.018333333333333,21.405,14.711666666666666,13.386666666666667,6.713966221559535,31.24,1159.3400000000001,91.95753805719075,9.93,21.5925,2.47,149.3,Water Year
BH,low,511.4294422,37.40985,-119.96458,historic,1984,75.2625,0,43.778333333333336,8.5275,23.536666666666665,16.032083333333333,15.009166666666665,7.143179346358484,34.26,525.34,147.04209321116184,10.355,25.555,1.47,6.26,Water Year
BH,low,511.4294422,37.40985,-119.96458,historic,1985,75.55416666666666,0,39.245000000000005,7.6258333333333335,22.034166666666668,14.83,14.408333333333335,7.1572874496113155,34.51,470.94,110.38445175917425,9.825,26.475,0,22.49,Water Year
BH,low,511.4294422,37.40985,-119.96458,historic,1986,73.58416666666666,0,63.5625,8.2225,22.634166666666665,15.428333333333333,14.411666666666667,6.059464547801282,33.32,762.7500000000001,133.99882772792787,10.095,23.71833333333333,0,58.05,Water Year
BH,low,511.4294422,37.40985,-119.96458,historic,1987,81.46166666666667,0,26.9925,7.9366666666666665,23.363333333333333,15.65,15.426666666666666,6.426106201199208,33.08,323.91,144.12293012600068,8.99,23.427500000000002,0,58.41,Water Year
BH,low,511.4294422,37.40985,-119.96458,historic,1988,77.97916666666667,0,33.52916666666667,8.04,23.5275,15.78375,15.487499999999999,6.812786149119637,35.18,402.3499999999999,98.51235115753134,13.605,24.445,0,80.26,Water Year
BH,low,511.4294422,37.40985,-119.96458,historic,1989,76.17666666666666,0,40.501666666666665,7.690833333333334,23.088333333333335,15.389583333333334,15.3975,6.848161816513357,35.85,486.02,108.67138354377609,11.3,22.125,0,27.74,Water Year
BH,low,511.4294422,37.40985,-119.96458,historic,1990,74.3375,0,33.22666666666667,7.781666666666666,23.1125,15.447083333333333,15.330833333333334,6.8166915656728335,34.56,398.72,95.35529837323044,7.285,23.945,0,75.66,Water Year
BH,low,511.4294422,37.40985,-119.96458,historic,1991,75.95083333333334,0,38.016666666666666,7.351666666666667,22.924166666666668,15.137916666666667,15.5725,7.090609814245795,36.77,456.2,229.6167240793915,7.8999999999999995,26.130000000000003,0,28.82,Water Year
BH,low,511.4294422,37.40985,-119.96458,historic,1992,76.19916666666666,0,40.75833333333333,9.3575,24.02583333333333,16.691666666666666,14.668333333333333,6.802524709565003,34.19,489.0999999999999,123.85940119196259,10.649999999999999,24.445,0,42.66,Water Year
BH,low,511.4294422,37.40985,-119.96458,historic,1993,71.01916666666666,0,67.19583333333333,8.0625,22.738333333333333,15.400416666666667,14.675833333333335,6.498171581415432,32.470000000000006,806.3499999999999,131.15806260357124,6.98,23.418333333333333,0,161.94,Water Year
BH,low,511.4294422,37.40985,-119.96458,historic,1994,81.7625,0,30.876666666666665,8.503333333333334,23.836666666666666,16.169999999999998,15.333333333333332,6.918232498918413,34.11,370.52,98.31775313537698,7.91,26.2225,0,59.2,Water Year
BH,low,511.4294422,37.40985,-119.96458,recent,1995,62.471666666666664,0,74.95666666666666,8.1525,21.8975,15.025,13.745,6.655178434873103,33.18,899.48,122.40931513261698,9.035,22.439999999999998,0.21,59.33,Water Year
BH,low,511.4294422,37.40985,-119.96458,recent,1996,71.86416666666666,0,45.02583333333333,9.281666666666666,24.479166666666668,16.880416666666665,15.1975,6.481544589459484,33.019999999999996,540.31,118.52494167099857,10.52,20.09,0.11,78.92,Water Year
BH,low,511.4294422,37.40985,-119.96458,recent,1997,80.13666666666667,0,75.61,9.0841666666666665,23.763333333333332,16.42375,14.679166666666667,6.375667211073963,30.19,907.3199999999999,167.5003050942211,8.925,25.005000000000003,0,323.27,Water Year
BH,low,511.4294422,37.40985,-119.96458,recent,1998,61.17333333333333,0,79.98166666666667,8.43,21.729166666666668,15.079583333333334,13.299166666666666,6.8004834247725405,34.08,959.7800000000001,110.7001673460587,7.8,26.35,0,57.92,Water Year
BH,low,511.4294422,37.40985,-119.96458,recent,1999,72.5,0,37.61083333333333,7.164166666666667,22.21666666666667,14.690416666666668,15.0525,6.865142340553516,34.37,451.33,115.63638951467088,7.855,23.741666666666667,0,54.81,Water Year
BH,low,511.4294422,37.40985,-119.96458,recent,2000,70.69,0,56.04083333333333,8.731666666666666,24.2425,16.487083333333334,15.510833333333332,6.356860094822877,33.69,672.49,149.39789186057712,9.709999999999999,23.71,0.01,1.83,Water Year
BH,low,511.4294422,37.40985,-119.96458,recent,2001,75.54083333333332,0,37.675,8.35,23.724166666666665,16.037083333333335,15.374166666666667,7.47645439129749,34.57,452.1,113.62705675050105,7.23,24.7825,0,113.97,Water Year
BH,low,511.4294422,37.40985,-119.96458,recent,2002,76.24,0,40.089999999999996,8.710833333333333,23.9375,16.324166666666667,15.226666666666667,7.0709076932216135,34.800000000000004,481.07999999999987,119.79033223257169,7.48,24.985,0.34,48.34,Water Year
BH,low,511.4294422,37.40985,-119.96458,recent,2003,68.775,0,42.494166666666665,8.760833333333334,24.016666666666666,16.38875,15.255833333333333,7.103959243395066,34.93,509.93,106.07730317586852,8.43,24.915,0.49,140.75,Water Year
BH,low,511.4294422,37.40985,-119.96458,recent,2004,82.11166666666666,0,31.781666666666666,8.741666666666667,24.3825,16.562083333333334,15.640833333333333,6.988248401401954,33.419999999999995,381.38,148.78284160734756,8.55,25.697499999999998,0,52.58,Water Year
BH,low,511.4294422,37.40985,-119.96458,recent,2005,68.3775,0,74.16333333333334,8.260833333333332,22.8925,15.576666666666664,14.631666666666666,6.906074181911212,35.339999999999996,889.9599999999999,100.52067247380188,7.859999999999999,27.735,0,229.74,Water Year
BH,low,511.4294422,37.40985,-119.96458,recent,2006,70.07333333333334,0,59.59916666666666,8.775,23.6975,16.236250000000002,14.9225,7.149108693651003,35.33,715.1899999999999,120.47692868734129,11.785,26.244999999999997,0,150.69,Water Year
BH,low,511.4294422,37.40985,-119.96458,recent,2007,82.66416666666666,0,28.625833333333336,8.295,23.525833333333335,15.910416666666666,15.230833333333333,6.869941265573109,35.73,343.51000000000005,127.02814011294164,8.91,24.2625,0,24.75,Water Year
BH,low,511.4294422,37.40985,-119.96458,recent,2008,79.81333333333333,0,37.619166666666665,8.428333333333333,23.405833333333334,15.917083333333332,14.9775,7.4359634267076204,34.410000000000004,451.43000000000006,163.98463559064885,6.745,24.8125,0,103.49,Water Year
BH,low,511.4294422,37.40985,-119.96458,recent,2009,74.78083333333333,0,40.19583333333333,8.944166666666666,23.605,16.274583333333332,14.660833333333333,7.134612959602878,34.55,482.34999999999997,100.17579829196444,8.65,26.794999999999998,0,78.63,Water Year
BH,low,511.4294422,37.40985,-119.96458,recent,2010,69.0675,0,54.277499999999996,7.9125000000000005,22.023333333333333,14.967916666666667,14.110833333333334,6.709420262969932,33.18,651.33,101.18716358858792,9.075,23.45625,0,119.87,Water Year
BH,low,511.4294422,37.40985,-119.96458,recent,2011,65.93666666666667,0,77.47833333333334,8.255833333333333,22.0625,15.159166666666668,13.806666666666667,6.922786102736559,33.02,929.7400000000001,104.07187158453942,9.015,24.435,0.38,114.59,Water Year
BH,low,511.4294422,37.40985,-119.96458,recent,2012,82.49833333333333,0,28.514166666666664,8.485833333333334,23.726666666666667,16.10625,15.240833333333335,7.26937821681407,36.599999999999994,342.16999999999996,117.08977342748932,13.110000000000001,22.855,0,0.01,Water Year
BH,low,511.4294422,37.40985,-119.96458,recent,2013,80.3275,0,33.3575,8.944166666666666,23.775833333333335,16.36,14.831666666666667,7.1081259517157225,36.04,400.2900000000001,174.80293598421866,7.605,27.475,0.1,24.48,Water Year
BH,low,511.4294422,37.40985,-119.96458,recent,2014,92.725,0,20.833333333333332,9.243333333333332,24.946666666666665,17.095,15.703333333333333,6.509651575650085,35.089999999999996,250,93.88078658226065,10.555,26.4925,0,15.86,Water Year
BH,low,511.4294422,37.40985,-119.96458,recent,2015,92.57833333333333,0,22.1825,9.969166666666666,24.811666666666667,17.390416666666667,14.842500000000001,6.176930856874314,31.009999999999998,266.19,134.38687819684006,9.84,25.685,0.08,5.71,Water Year
BH,low,511.4294422,37.40985,-119.96458,recent,2016,73.28,0,58.35666666666667,9.260000000000002,23.811666666666667,16.535833333333333,14.551666666666666,7.076601596212348,34.48,700.28,116.917188211982,8.36,26.119999999999997,0,155.14,Water Year
BH,low,511.4294422,37.40985,-119.96458,recent,2017,72.56666666666666,0,85.65833333333333,9.639166666666666,23.418333333333333,16.52875,13.779166666666665,7.293682548180746,34.58,1027.8999999999999,132.3514518332619,7.075,27.56,0.05,363.94,Water Year
BH,low,511.4294422,37.40985,-119.96458,recent,2018,75.1275,0,40.333333333333336,9.250833333333334,24.2375,16.744166666666665,14.986666666666666,6.799718187119406,34.559999999999995,484,187.44753943996253,9.875,24.927500000000002,0,14.84,Water Year
BH,low,511.4294422,37.40985,-119.96458,recent,2019,69.5975,0,65.6975,9.255,23.044166666666666,16.149583333333332,13.789166666666667,6.94129489436993,33.06,788.3699999999999,114.88294893495245,6.44,26.012500000000003,0,233.15,Water Year
BH,low,511.4294422,37.40985,-119.96458,recent,2020,77.28833333333334,0,33.11666666666667,9.501666666666667,24.085833333333333,16.79375,14.584166666666667,7.020269071831157,33.19,397.3999999999999,138.51793759765553,9.01,22.31833333333333,0.27,22.53,Water Year
BH,low,511.4294422,37.40985,-119.96458,recent,2021,88.065,0,26.998333333333335,10.136666666666667,24.890833333333333,17.51375,14.754166666666666,7.892912852391984,34.63,323.98,160.89331941602217,8.67,23.468,0.07,152.47,Water Year
BH,low,511.4294422,37.40985,-119.96458,recent,2022,82.72416666666666,0,33.49083333333333,10.8625,24.490833333333335,17.676666666666666,13.628333333333334,7.351539830456466,32.82,401.89,163.3706585130324,8.27,27.785000000000004,3.26,196.22,Water Year
BH,low,511.4294422,37.40985,-119.96458,recent,2023,74.71083333333334,0,85.74083333333333,9.721666666666666,22.148333333333333,15.935,12.426666666666668,7.85751637837069,35.14,1028.8899999999999,135.17478768822616,7.710000000000001,20.134999999999998,0.04,116.36,Water Year
BH,low,511.4294422,37.40985,-119.96458,recent,2024,73.89916666666667,0,43.73916666666667,11.446666666666667,23.6125,17.52958333333333,12.165833333333333,7.305519226875146,32.89,524.87,119.4603606253658,9.89,24.625,0.81,108.76,Water Year
BH,low,511.4294422,37.40985,-119.96458,recent,2025,75.97166634877519,0,38.47166601737346,10.402499832709625,23.54333322842914,16.972916530569382,13.140833395719518,6.8173729696020455,32.570001244544954,461.6599922084816,126.79110723853924,10.519999742507924,24.759999275207498,1.79999995231628,17.5599994659424,Water Year
CC,low,313,39.58597,-121.43311,historic,1965,58.1375,0,97.97583333333333,8.960833333333333,22.636666666666667,15.79875,13.675833333333333,6.311730106065862,31.6,1175.71,123.90578732978355,9.190000000000001,25.25,0,257.82,Water Year
CC,low,313,39.58597,-121.43311,historic,1966,65.61833333333334,0,58.149166666666666,9.003333333333334,23.766666666666666,16.385,14.763333333333334,7.282995138115788,35.14,697.78999999999985,127.840143581342,11.775,26.55,0.01,115.76,Water Year
CC,low,313,39.58597,-121.43311,historic,1967,57.40166666666667,0,108.81083333333333,9.164166666666667,23.065833333333334,16.115,13.901666666666666,7.794140864661212,35.11,1305.7299999999998,114.4276192216099,8.035,22.66,0.19,177.05,Water Year
CC,low,313,39.58597,-121.43311,historic,1968,61.968333333333334,0,66.43083333333333,8.499166666666667,24.002499999999998,16.250833333333333,15.503333333333334,6.387417614958238,34.88,797.1700000000002,105.75729754641713,6.5,25.655,0,216.19,Water Year
CC,low,313,39.58597,-121.43311,historic,1969,63.010000000000005,1.7858333333333336,109.89166666666667,8.385,22.4375,15.41125,14.052500000000002,7.544899880352652,34.62,1318.7,121.39732770743274,6.125,22.80166666666667,0.02,232.97,Water Year
CC,low,313,39.58597,-121.43311,historic,1970,60.705,0,96.33500000000001,8.9125,23.750833333333333,16.331666666666667,14.838333333333333,6.237308690210039,31.49,1156.02,151.6984567718713,9.285,24.345,0,456.52,Water Year
CC,low,313,39.58597,-121.43311,historic,1971,63.80666666666666,0,80.41083333333333,8.384166666666667,22.391666666666666,15.387916666666666,14.0075,7.019262282635138,33.81,964.9299999999998,124.94435153882316,6.605,26.314999999999998,0,281.53,Water Year
CC,low,313,39.58597,-121.43311,historic,1972,62.80083333333333,0,51.4575,8.380833333333333,22.924166666666665,15.6525,14.543333333333333,6.96906133629852,34.63999999999999,617.4900000000001,102.84554764313198,5.49,25.72,0,185.79,Water Year
CC,low,313,39.58597,-121.43311,historic,1973,62.9075,0.5916666666666666,100.66083333333333,8.7925,22.173333333333332,15.482916666666666,13.380833333333333,7.480704408474492,34.900000000000006,1207.93,116.73079013607764,6.285,24.92,0,139.9,Water Year
CC,low,313,39.58597,-121.43311,historic,1974,55.43083333333333,0,117.49,9.0425,22.416666666666668,15.729583333333332,13.374166666666667,7.010419666575972,31.37,1409.88,107.05728605956828,9.825,24.697499999999998,0,194.16,Water Year
CC,low,313,39.58597,-121.43311,historic,1975,53.263333333333335,0,78.9725,8.489166666666668,22.211666666666666,15.350416666666666,13.7225,7.041609597222568,31.22,947.67,124.99218428512384,8.365,23.805,5.54,107.92,Water Year
CC,low,313,39.58597,-121.43311,historic,1976,61.05583333333334,0,41.0625,8.0875,22.4875,15.2875,14.4,6.316408465978978,33.38,492.75,86.05820573157662,15.31,19.395,0.03,20.11,Water Year
CC,low,313,39.58597,-121.43311,historic,1977,73.68083333333334,0,28.035,8.996666666666668,23.626666666666665,16.311666666666667,14.629999999999999,6.714050509373925,33.449999999999996,336.42,87.12366333187973,6.335,24.450000000000003,1.92,63.85,Water Year
CC,low,313,39.58597,-121.43311,historic,1978,55.7575,0,108.44166666666668,9.961666666666666,22.83833333333333,16.4,12.876666666666667,6.045861469558405,29.03,1301.3,108.18206081338717,9.39,25.145,4.98,373.14,Water Year
CC,low,313,39.58597,-121.43311,historic,1979,56.06,0,68.865,8.580833333333333,22.794166666666666,15.6875,14.213333333333333,7.184548287186125,33.129999999999995,826.38,115.33189640377887,8.255,19.875,2.83,48.3,Water Year
CC,low,313,39.58597,-121.43311,historic,1980,58.759166666666665,0,94.6775,9.2375,22.510833333333334,15.874166666666667,13.273333333333333,5.873617374378933,30.65,1136.1299999999999,103.01787474917079,10.95,23.905,8.55,262.19,Water Year
CC,low,313,39.58597,-121.43311,historic,1981,63.95333333333333,0,61.73416666666667,9.720833333333333,24.155833333333334,16.938333333333333,14.435,6.473062480680059,31.03,740.8099999999998,118.64883562852849,8.805,25.345,0,215.89,Water Year
CC,low,313,39.58597,-121.43311,historic,1982,50.73166666666667,0,129.13583333333332,9.147499999999999,21.724166666666665,15.435833333333333,12.576666666666666,6.374746637864889,31.74,1549.6299999999999,89.51732907236656,12.629999999999999,19.645,1.08,192.72,Water Year
CC,low,313,39.58597,-121.43311,historic,1983,52.589166666666664,0,139.98749999999998,8.875833333333334,21.694166666666668,15.285,12.818333333333333,6.475636507851425,30.35,1679.85,91.11449599581341,10.52,22.86,2.51,170.2,Water Year
CC,low,313,39.58597,-121.43311,historic,1984,60.56333333333333,0,92,9.45,23.473333333333333,16.461666666666666,14.023333333333333,6.897821570919505,33.580000000000005,1104.0000000000002,143.31532029379366,8.475,27.130000000000003,0,16.19,Water Year
CC,low,313,39.58597,-121.43311,historic,1985,62.4075,0,61.06583333333334,8.307500000000001,22.035,15.17125,13.7275,6.996561208908273,34.08,732.79,119.3737850563474,9.620000000000001,17.1,0.77,31.26,Water Year
CC,low,313,39.58597,-121.43311,historic,1986,60.91083333333333,0,109.77333333333333,9.043333333333333,22.5225,15.782916666666667,13.479166666666666,6.061402274876564,32.2,1317.28,115.23289392452267,11.004999999999999,25.435000000000002,0,83.02,Water Year
CC,low,313,39.58597,-121.43311,historic,1987,61.83833333333333,0,50.36083333333333,8.735833333333334,23.688333333333333,16.212083333333332,14.9525,6.414801937824358,32.68,604.33,133.59118221059202,10.965,23.28333333333333,0,132.88,Water Year
CC,low,313,39.58597,-121.43311,historic,1988,56.435833333333335,0,65.42166666666665,9.176666666666666,23.77,16.473333333333333,14.593333333333334,6.554603979900948,33.050000000000004,785.06,128.91646324572963,7.53,24.78166666666667,0,279.75,Water Year
CC,low,313,39.58597,-121.43311,historic,1989,61.961666666666666,0,84.3725,8.751666666666667,22.863333333333333,15.807500000000001,14.111666666666668,6.578775963795864,33.07,1012.4700000000001,132.74079762610754,11.36,25.28,0,65.84,Water Year
CC,low,313,39.58597,-121.43311,historic,1990,59.105000000000004,0,62.08833333333334,8.753333333333334,23.325,16.039166666666667,14.571666666666667,6.49008153518377,33.629999999999995,745.0600000000001,111.47020248833415,7.66,17.134999999999998,0.02,110.75,Water Year
CC,low,313,39.58597,-121.43311,historic,1991,58.5125,0,64.60916666666667,8.3025,22.891666666666666,15.597083333333334,14.589166666666667,6.895216872564413,35.18,775.31,187.51653696826602,8.265,25.88,0,49.58,Water Year
CC,low,313,39.58597,-121.43311,historic,1992,60.869166666666665,0,65.90416666666667,10.0125,24.268333333333334,17.140416666666667,14.255833333333333,6.644325828832971,34.01,790.8499999999999,118.62200723799091,11.485,25.205,0,80.88,Water Year
CC,low,313,39.58597,-121.43311,historic,1993,49.34583333333333,0,112.12166666666667,9.424999999999999,22.5225,15.973749999999999,13.0975,6.505300330220245,30.689999999999998,1345.46,113.29438673267397,7.22,23.619999999999997,0,243.05,Water Year
CC,low,313,39.58597,-121.43311,historic,1994,64.87666666666667,0,54.745000000000005,8.955,23.649166666666666,16.302083333333332,14.694166666666668,6.508467372421774,32.910000000000004,656.9399999999999,105.39151569360597,8.34,25.255000000000003,0,143.41,Water Year
CC,low,313,39.58597,-121.43311,recent,1995,45.65166666666667,0,143.238325,8.715,21.7125,15.213750000000001,12.9975,6.620123634179212,32.36,1718.8599,125.06296490728361,8.925,23.8875,0,221.54,Water Year
CC,low,313,39.58597,-121.43311,recent,1996,56.717499999999994,0,94.56833333333334,10.0175,24.0775,17.0475,14.06,6.252489504189511,31.980000000000004,1134.8199999999997,113.28997767983543,9.87,22.3475,0.8,220.23,Water Year
CC,low,313,39.58597,-121.43311,recent,1997,54.36333333333333,0,96.28,9.8725,23.759999999999998,16.81625,13.8875,6.16899068103748,30.409999999999997,1155.36,149.76478661764506,9.065000000000001,25.549999999999997,2.71,374.3,Water Year
CC,low,313,39.58597,-121.43311,recent,1998,51.013333333333335,0,140.32583333333332,9.761666666666667,21.583333333333336,15.6725,11.821666666666667,6.509280263243744,31.659999999999997,1683.9099999999999,104.01462873191677,8.655000000000001,25.845,0,90.12,Water Year
CC,low,313,39.58597,-121.43311,recent,1999,63.31833333333333,0,76.38666666666667,8.525833333333335,21.806666666666665,15.166250000000002,13.280833333333334,6.65070848071501,31.03,916.64,117.34605056579196,8.145,23.615000000000002,1.89,91.11,Water Year
CC,low,313,39.58597,-121.43311,recent,2000,64.4375,0,87.4625,9.928333333333333,23.434166666666666,16.68125,13.505833333333333,6.094773888340731,30.669999999999998,1049.5499999999997,132.40246006427122,9.89,24.365,0,238.73,Water Year
CC,low,313,39.58597,-121.43311,recent,2001,64.79583333333333,0,58.461666666666666,9.405833333333334,23.116666666666667,16.26125,13.710833333333333,7.044589518011161,32.01,701.54,108.07726182334287,8.344999999999999,25.11,0,144.41,Water Year
CC,low,313,39.58597,-121.43311,recent,2002,65.12833333333333,0,77.88916666666667,9.785833333333334,23.2875,16.53666666666667,13.501666666666667,6.732806497541225,31.95,934.67,121.16803976892751,8.215,24.275,0,130.48,Water Year
CC,low,313,39.58597,-121.43311,recent,2003,55.013333333333335,0,94.30416666666666,9.955,23.2575,16.60625,13.3025,6.711330014846671,32.400000000000006,1131.6499999999996,134.77555353696636,9.030000000000001,22.6125,0,450.96,Water Year
CC,low,313,39.58597,-121.43311,recent,2004,66.32666666666667,0,74.05666666666666,10.045833333333334,23.655,16.850416666666668,13.609166666666667,6.756740223433908,30.740000000000002,888.68,146.04460783651768,8.58,24.59166666666667,0,121.82,Water Year
CC,low,313,39.58597,-121.43311,recent,2005,54.659166666666664,0,92.85583333333332,9.865833333333333,22.648333333333333,16.257083333333334,12.7825,6.609216518803439,32.400000000000006,1114.27,80.37622097984195,9.045,27.2525,0,178.56,Water Year
CC,low,313,39.58597,-121.43311,recent,2006,61.4125,0,129.325,10.220833333333333,23.22833333333333,16.724583333333335,13.0075,7.009615298202026,32.56999999999999,1551.9,118.71065468161041,9.325,25.18,0,323.87,Water Year
CC,low,313,39.58597,-121.43311,recent,2007,60.199999999999996,0,61.4925,9.574166666666667,23.464166666666667,16.519166666666667,13.889999999999999,6.466068720402661,33,737.9100000000001,137.07373241541532,9.985,25.630000000000003,9.32,10.22,Water Year
CC,low,313,39.58597,-121.43311,recent,2008,65.78666666666666,0,57.87916666666666,9.532499999999999,23.284166666666668,16.408333333333335,13.751666666666667,7.022619406840537,32.220000000000006,694.55,138.88275600404623,6.925,23.6,0.15,235.13,Water Year
CC,low,313,39.58597,-121.43311,recent,2009,56.41916666666667,0,70.88916666666667,9.945,23.420833333333334,16.682916666666667,13.475833333333334,6.797910594217145,33.07,850.6699999999998,105.89606339910615,9.34,26.32,0,117.29,Water Year
CC,low,313,39.58597,-121.43311,recent,2010,57.08083333333333,0,83.58916666666667,9.251666666666667,21.723333333333333,15.487499999999999,12.471666666666666,6.485411075497205,31.54,1003.0699999999999,104.91359648866302,8.68,25.745,0,133.7,Water Year
CC,low,313,39.58597,-121.43311,recent,2011,52.776666666666664,0,115.43416666666668,9.555833333333334,21.7075,15.631666666666666,12.151666666666666,6.613828602850152,30.509999999999998,1385.2100000000003,103.68964591726191,9.95,24.78,0,57.83,Water Year
CC,low,313,39.58597,-121.43311,recent,2012,61.295,0,67.72166666666666,9.655,23.166666666666668,16.410833333333333,13.511666666666667,6.801307305261693,33.25,812.6600000000001,135.69514496833088,10.115,25.406666666666666,0,5.81,Water Year
CC,low,313,39.58597,-121.43311,recent,2013,59.61083333333334,0,71.35833333333332,10.170833333333334,23.405833333333334,16.788333333333334,13.235,6.585532122261141,33.46,856.3000000000001,146.16830245985855,8,26.89,0,25.94,Water Year
CC,low,313,39.58597,-121.43311,recent,2014,61.001666666666665,0,53.93666666666667,10.713333333333333,24.629166666666666,17.67125,13.915833333333333,6.1883733084345725,33.230000000000004,647.24,161.3667110529898,11.174999999999999,23.555,0.37,11.24,Water Year
CC,low,313,39.58597,-121.43311,recent,2015,62.85333333333333,0,58.60333333333333,11.353333333333333,24.548333333333332,17.950833333333332,13.195,5.8388455557791925,28.64,703.24,171.08730675488843,10.53,25.265,1.22,355.88,Water Year
CC,low,313,39.58597,-121.43311,recent,2016,65.22916666666667,0,88.80833333333334,10.810833333333333,23.695833333333333,17.253333333333334,12.885,6.659651688043497,30.85,1065.6999999999998,138.92598191605614,9.1,24.93,0,188.68,Water Year
CC,low,313,39.58597,-121.43311,recent,2017,59.6625,0,138.55166666666668,10.976666666666667,23.114166666666666,17.045416666666668,12.137500000000001,7.3933186847479,33.3,1662.62,105.39001764832229,7.625,27.685,0,394.68,Water Year
CC,low,313,39.58597,-121.43311,recent,2018,62.2925,0,72.36583333333333,10.319166666666666,23.865,17.092083333333335,13.545833333333333,6.653998271146773,32.76,868.39,138.65354662508307,10.655,24.9325,0,11.04,Water Year
CC,low,313,39.58597,-121.43311,recent,2019,56.59833333333333,0,114.83916666666667,10.735833333333334,22.965,16.850416666666668,12.229166666666666,6.734667926730563,30.74,1378.0699999999997,117.79813972389036,7.42,26.0925,0,464.66,Water Year
CC,low,313,39.58597,-121.43311,recent,2020,61.45,0,47.27166666666667,10.9575,24.145833333333332,17.551666666666666,13.188333333333333,6.704326735004565,30.22,567.2599999999999,137.51866312691925,9.58,21.256666666666668,0.41,95.2,Water Year
CC,low,313,39.58597,-121.43311,recent,2021,68.30833333333334,0,39.82666666666667,10.830833333333334,25.1475,17.989166666666666,14.316666666666666,7.213986047738774,32.910000000000004,477.91999999999996,118.33638648397978,9.7,25.583333333333332,0,123.46,Water Year
CC,low,313,39.58597,-121.43311,recent,2022,59.38583333333334,0,68.27333333333334,10.835833333333333,24.40416666666667,17.62,13.568333333333333,6.801661227563855,32.03,819.28,138.30528264437453,7.91,27.2025,0,271.52,Water Year
CC,low,313,39.58597,-121.43311,recent,2023,59.365,0,104.70916666666668,10.088333333333333,22.43916666666667,16.263749999999998,12.350833333333334,7.414977816738716,33.24,1256.51,132.0944750248957,8.99,24.115,0,313.48,Water Year
CC,low,313,39.58597,-121.43311,recent,2024,60.87833333333333,0,75.68833333333333,11.764166666666666,23.50583333333333,17.635,11.741666666666665,6.906620999907527,31.26,908.2600000000001,115.95358739385702,10.255,26.076666666666668,0,233.46,Water Year
CC,low,313,39.58597,-121.43311,recent,2025,65.19333364486702,0,87.47833327631156,11.315833382606513,23.22416664123535,17.27000001192093,11.908333258628838,6.559347893409396,29.349998474121094,1049.739999315739,131.69897188822083,11.170000000000002,24.165000438690175,0.8299999833107,265.600006103516,Water Year
DPR,mid,1018.591893,39.22846,-120.81518,historic,1965,25.295833333333334,40.66416666666667,162.225,5.766666666666667,18.645,12.205833333333333,12.878333333333334,6.250403562728545,29.97,1946.7000000000003,149.42810151424422,5.29,21.79,0,339.71,Water Year
DPR,mid,1018.591893,39.22846,-120.81518,historic,1966,29.41,18.595000000000002,81.28833333333333,5.970833333333332,19.9725,12.971666666666668,14.001666666666667,7.326633027192745,33.55,975.4599999999999,115.86194220018619,7.89,23.424999999999997,0,119.05,Water Year
DPR,mid,1018.591893,39.22846,-120.81518,historic,1967,24.67083333333333,7.794166666666666,154.3525,6.083333333333333,19.323333333333334,12.703333333333333,13.24,7.603753359461046,33.46,1852.23,109.22604266055617,5.63,21.2,0,275.74,Water Year
DPR,mid,1018.591893,39.22846,-120.81518,historic,1968,29.194166666666668,15.62,94.39083333333333,5.6425,19.97833333333333,12.810416666666667,14.335833333333333,6.267199772819138,33.73,1132.6899999999998,100.3850542463668,4.43,22.67,0.12,199.65,Water Year
DPR,mid,1018.591893,39.22846,-120.81518,historic,1969,25.61,149.29165833333334,165.17665833333334,5.150833333333333,18.6125,11.881666666666666,13.461666666666668,7.325169663977798,33.75,1982.1199000000006,132.28921609335302,4.140000000000001,22.28,0,393.41,Water Year
DPR,mid,1018.591893,39.22846,-120.81518,historic,1970,27.659166666666668,9.874166666666664,137.24749166666666,6.255833333333333,20.030833333333334,13.143333333333334,13.775,6.554202445528342,31.130000000000003,1646.9699,151.34481375562285,5.675000000000001,23.275,0,688.5599,Water Year
DPR,mid,1018.591893,39.22846,-120.81518,historic,1971,26.055,49.62,130.5775,5.636666666666667,18.896666666666665,12.266666666666666,13.26,6.97744070471966,32.68,1566.9299999999998,116.13054132811294,3.1799999999999997,22.990000000000002,4.53,453.94,Water Year
DPR,mid,1018.591893,39.22846,-120.81518,historic,1972,28.79,45.69166666666667,94.86000000000001,5.430833333333333,19.445833333333333,12.438333333333334,14.015,6.935699916615,34.31,1138.3200000000002,99.6038530681173,1.9,22.4225,0,321.18,Water Year
DPR,mid,1018.591893,39.22846,-120.81518,historic,1973,26.76,76.49666666666667,134.02583333333334,5.488333333333333,18.815833333333334,12.152083333333334,13.3275,7.481136720364618,34.52,1608.3100000000002,111.55184329337834,3.205,22.715,0,206.3,Water Year
DPR,mid,1018.591893,39.22846,-120.81518,historic,1974,23.29083333333333,13.059166666666666,176.845825,6.0841666666666665,19.299166666666668,12.691666666666666,13.215,7.3361162419328885,31.62,2122.1499,105.16457795634224,5.725,22.13,2.2,289.17,Water Year
DPR,mid,1018.591893,39.22846,-120.81518,historic,1975,21.914166666666667,11.048333333333336,118.11916666666667,5.759166666666667,19.205,12.482083333333334,13.445833333333333,7.084603491289254,30.09,1417.4300000000003,113.72467480323893,4.95,21.525,2.91,116.75,Water Year
DPR,mid,1018.591893,39.22846,-120.81518,historic,1976,26.349999999999998,0,63.093333333333334,5.256666666666667,19.4175,12.337083333333334,14.160833333333333,6.0286857675063255,31.4,757.12,94.16923965903621,11.879999999999999,22.405,0,25.3,Water Year
DPR,mid,1018.591893,39.22846,-120.81518,historic,1977,43.980000000000004,0,41.42583333333333,6.394166666666666,20.838333333333335,13.616249999999999,14.444166666666666,6.362075535046434,31.790000000000003,497.11,98.78223130482925,9.79,21.345,7,104.26,Water Year
DPR,mid,1018.591893,39.22846,-120.81518,historic,1978,27.759999999999998,1.4616666666666667,163.41750000000002,6.78,19.609166666666667,13.194583333333334,12.829166666666666,5.948145799067949,28.79,1961.0100000000004,104.31885801845858,6.3549999999999995,22.3475,0,512.28,Water Year
DPR,mid,1018.591893,39.22846,-120.81518,historic,1979,21.429166666666667,22.130833333333335,102.42833333333334,5.920833333333333,19.704166666666666,12.8125,13.783333333333333,7.254339297025169,31.98,1229.1399999999999,113.45102848510977,4.694999999999999,18.4825,9.22,291.72,Water Year
DPR,mid,1018.591893,39.22846,-120.81518,historic,1980,26.854166666666668,2.3025,151.08,6.195833333333333,19.341666666666665,12.76875,13.145833333333332,5.81642428621509,29.639999999999997,1812.96,109.90954229326721,6.5600000000000005,21.355,22.25,511.5,Water Year
DPR,mid,1018.591893,39.22846,-120.81518,historic,1981,30.856666666666666,0,80.06333333333333,7.031666666666667,21.5225,14.277083333333334,14.490833333333333,6.466146266353614,31.27,960.7600000000002,117.91269164585667,7.52,23.432499999999997,0,235.68,Water Year
DPR,mid,1018.591893,39.22846,-120.81518,historic,1982,18.11,18.958333333333336,207.73,5.706666666666667,18.559166666666666,12.132916666666667,12.8525,6.317674506829425,32.339999999999996,2492.7599999999998,88.26904424165096,7.07,22.095,2.22,290.61,Water Year
DPR,mid,1018.591893,39.22846,-120.81518,historic,1983,16.735833333333332,19.19833333333333,199.570825,5.504166666666666,18.418333333333333,11.96125,12.914166666666667,6.506922581164827,30.38,2394.8498999999993,87.82537329646743,6.2,19.494999999999997,7.5,298.43,Water Year
DPR,mid,1018.591893,39.22846,-120.81518,historic,1984,24.705833333333334,4.468333333333332,138.18415833333333,6.930833333333332,20.52,13.725416666666666,13.589166666666667,7.060342014099643,32.720000000000006,1658.2098999999998,135.84701581357984,7.035,24.595,0,505.86,Water Year
DPR,mid,1018.591893,39.22846,-120.81518,historic,1985,26.030833333333334,0,88.96333333333334,5.966666666666667,19.336666666666666,12.651666666666667,13.370000000000001,7.173943803583193,33.7,1067.56,121.27771575536123,6.5200000000000005,24.575000000000003,0.33,79.54,Water Year
DPR,mid,1018.591893,39.22846,-120.81518,historic,1986,28.009999999999998,0,171.92915833333333,7,19.884999999999998,13.442499999999999,12.885,6.021852440751252,31.52,2063.1499,128.07830607081198,7.565,22.195,0,275.48,Water Year
DPR,mid,1018.591893,39.22846,-120.81518,historic,1987,30.760833333333334,0.8325000000000001,57.85166666666667,7.047499999999999,20.854166666666664,13.950833333333334,13.806666666666667,6.405992164064877,32.37,694.2199999999999,134.94832882549989,7.665,21.89,0,156.89,Water Year
DPR,mid,1018.591893,39.22846,-120.81518,historic,1988,32.03916666666667,20.0925,82.97,7.395833333333333,20.738333333333333,14.067083333333333,13.3425,7.05782430367285,33.11,995.64,130.38456565720466,3.835,24.295,0,359.02,Water Year
DPR,mid,1018.591893,39.22846,-120.81518,historic,1989,25.295833333333334,0,126.98999166666667,6.766666666666667,19.594166666666666,13.180416666666666,12.8275,6.889635317678727,32.14,1523.8799000000006,131.63997239563324,7.970000000000001,22.97,0,118.07,Water Year
DPR,mid,1018.591893,39.22846,-120.81518,historic,1990,28.218333333333334,3.935833333333333,86.28666666666666,6.918333333333334,20.3425,13.630416666666667,13.424166666666666,6.285469338928164,32.68,1035.44,100.06739849025988,5.56,15.485,0.06,164.82,Water Year
DPR,mid,1018.591893,39.22846,-120.81518,historic,1991,21.924166666666665,9.3825,87.05999999999999,6.464166666666666,19.908333333333335,13.18625,13.444166666666668,7.020580500797767,33.410000000000004,1044.7199999999998,178.86189700505275,4.475,23.5,0,51,Water Year
DPR,mid,1018.591893,39.22846,-120.81518,historic,1992,28.944166666666664,0,83.78333333333335,8.02,21.4325,14.72625,13.4125,6.373350811636044,32.14,1005.3999999999999,117.54994053230217,7.945,22.7525,0,79.07,Water Year
DPR,mid,1018.591893,39.22846,-120.81518,historic,1993,22.0675,67.85666666666665,150.7025,6.6450000000000005,19.037499999999998,12.84125,12.3925,6.665983909166953,30.09,1808.43,107.22330090834282,4.15,21.3,11.19,391.06,Water Year
DPR,mid,1018.591893,39.22846,-120.81518,historic,1994,32.98833333333333,1.4683333333333333,72.46833333333333,7.180833333333333,20.52166666666667,13.85125,13.340833333333334,6.817571923479663,32.37,869.6200000000001,102.62887305178322,4.915,23.92,0,237.43,Water Year
DPR,mid,1018.591893,39.22846,-120.81518,recent,1995,17.481666666666666,10.979166666666668,200.08165,6.718333333333333,18.419999999999998,12.569166666666668,11.701666666666666,6.708010758289922,30.31,2400.9798000000005,120.63236525739774,5.585,20.75,0.05,291.03,Water Year
DPR,mid,1018.591893,39.22846,-120.81518,recent,1996,22.739166666666666,0.2475,144.60166666666666,8.019166666666667,20.52,14.269583333333333,12.500833333333333,6.495601469222823,30.220000000000002,1735.2200000000003,109.36392133635232,7.945,16.08,0.44,374.43,Water Year
DPR,mid,1018.591893,39.22846,-120.81518,recent,1997,22.465,7.271666666666667,165.53165833333333,7.559166666666667,20.145,13.852083333333335,12.585833333333333,6.0462108563708705,28.95,1986.3799,161.33492214077748,6.48,22.405,1.07,652.39,Water Year
DPR,mid,1018.591893,39.22846,-120.81518,recent,1998,18.517500000000002,18.65833333333334,173.01165833333334,6.818333333333333,17.841666666666665,12.33,11.023333333333333,6.978204053922601,31.88,2076.1398999999997,101.51281464458975,4.295,24.255,0,514.9199,Water Year
DPR,mid,1018.591893,39.22846,-120.81518,recent,1999,30.639166666666664,6.963333333333333,123.36916666666667,6.07,18.735,12.4025,12.665000000000001,6.904569139345337,30.88,1480.4300000000003,116.55540937589623,4.95,21.795,0.02,151.49,Water Year
DPR,mid,1018.591893,39.22846,-120.81518,recent,2000,25.099166666666665,2.6450000000000005,128.2433333333333,7.6691666666666665,20.425,14.047083333333333,12.755833333333333,6.293712395692781,29.24,1538.9199999999998,129.85400271949976,6.38,22.252499999999998,0,391.24,Water Year
DPR,mid,1018.591893,39.22846,-120.81518,recent,2001,32.20333333333333,0.4508333333333333,72.56083333333333,7.4875,20.4675,13.9775,12.98,7.303793379283995,32.11,870.73,97.4690939811946,4.89,23.58,0,206.92,Water Year
DPR,mid,1018.591893,39.22846,-120.81518,recent,2002,32.7025,14.001666666666667,112.5925,7.6525,20.618333333333332,14.135416666666668,12.965833333333334,7.267030611020924,32.87,1351.1100000000001,116.61473845299781,4.76,22.56125,0,427.95,Water Year
DPR,mid,1018.591893,39.22846,-120.81518,recent,2003,25.15833333333333,4.198333333333333,121.38166666666666,7.7091666666666665,20.644166666666667,14.176666666666666,12.935,7.134825389127146,32.709999999999994,1456.5800000000004,122.68729423421075,5.575,20.675,0,500.64,Water Year
DPR,mid,1018.591893,39.22846,-120.81518,recent,2004,33.6125,6.932499999999999,93.7675,7.705,20.9775,14.341249999999999,13.272499999999999,7.1868927806743494,31.4,1125.2099999999998,147.10928906848255,5.545,23.525,0.04,308.93,Water Year
DPR,mid,1018.591893,39.22846,-120.81518,recent,2005,22.13083333333333,0,142.15416666666667,7.1066666666666665,19.524166666666666,13.315416666666668,12.4175,6.696074989510759,31.65,1705.85,76.46229116602717,9.45,24.865,0,262.46,Water Year
DPR,mid,1018.591893,39.22846,-120.81518,recent,2006,28.3925,6.004166666666667,181.913325,7.653333333333333,20.173333333333332,13.913333333333334,12.52,7.411833392786445,34.169999999999995,2182.9599,121.50822751602554,7.140000000000001,23.32,0,386.25,Water Year
DPR,mid,1018.591893,39.22846,-120.81518,recent,2007,30.939999999999998,0,84.76666666666667,7.2508333333333335,20.689166666666665,13.97,13.438333333333333,6.588943217790902,32.620000000000005,1017.2000000000002,127.37924246893783,6.864999999999999,23.76,0.34,54.16,Water Year
DPR,mid,1018.591893,39.22846,-120.81518,recent,2008,32.45333333333333,23.378333333333334,82.0175,7.309166666666667,20.425833333333333,13.867500000000001,13.116666666666667,7.592867616148964,32.98,984.2099999999999,129.01881195008662,3.92,22.393333333333334,0.01,296.93,Water Year
DPR,mid,1018.591893,39.22846,-120.81518,recent,2009,29.479166666666668,0,101.64583333333334,8.099166666666667,20.63,14.364583333333334,12.530833333333334,7.069949034898385,32.019999999999996,1219.75,95.94569207250088,6.09,24.714999999999996,0,189.65,Water Year
DPR,mid,1018.591893,39.22846,-120.81518,recent,2010,25.975833333333334,0,112.33916666666667,6.984166666666667,18.755,12.869583333333335,11.770833333333334,6.739442402863546,30.799999999999997,1348.0699999999997,89.85292097506516,6.535,23.795,0,206.54,Water Year
DPR,mid,1018.591893,39.22846,-120.81518,recent,2011,22.288333333333334,0,171.46666666666667,7.145,18.706666666666667,12.925833333333333,11.561666666666666,6.97968019368084,30.92,2057.6000000000004,107.27904666983558,5.66,22.71,0,208.38,Water Year
DPR,mid,1018.591893,39.22846,-120.81518,recent,2012,22.271666666666665,0,102.33166666666666,7.9366666666666665,20.539166666666667,14.237916666666667,12.6025,6.9343687719324185,31.73,1227.98,135.38496884429622,6.67,22.935,0.19,465.51,Water Year
DPR,mid,1018.591893,39.22846,-120.81518,recent,2013,26.954166666666666,7.595000000000001,104.23333333333333,8.194166666666668,20.559166666666666,14.376666666666667,12.365,6.591819080335776,32.2,1250.8,143.26012302178793,5.2,25.17,0,504.34,Water Year
DPR,mid,1018.591893,39.22846,-120.81518,recent,2014,27.875833333333333,0,76.70416666666667,9.1475,21.564166666666665,15.355833333333333,12.416666666666666,6.176105286922456,31.379999999999995,920.45,149.9886687597533,8.11,23.235,0,29.13,Water Year
DPR,mid,1018.591893,39.22846,-120.81518,recent,2015,34.240833333333335,0,77.20666666666666,9.63,21.781666666666666,15.705833333333334,12.151666666666667,5.902692310730038,27.240000000000002,926.48,150.29545983642416,6.984999999999999,23.75,0.17,397.92,Water Year
DPR,mid,1018.591893,39.22846,-120.81518,recent,2016,31.770833333333332,14.235000000000001,126.70166666666667,8.4825,20.520833333333332,14.501666666666665,12.038333333333334,7.011831343370915,31.47,1520.42,130.39408912513406,9.165000000000001,23.974999999999998,0,337.45,Water Year
DPR,mid,1018.591893,39.22846,-120.81518,recent,2017,27.741666666666667,32.45833333333333,217.67249166666667,8.503333333333334,19.901666666666667,14.2025,11.398333333333333,7.520414791510082,32.4,2612.0699,111.02335231089239,4.575,25.5425,0,697.6199,Water Year
DPR,mid,1018.591893,39.22846,-120.81518,recent,2018,29.744166666666665,0,108.6525,8.708333333333332,21.143333333333334,14.925833333333333,12.435,6.799857228893363,31.63,1303.83,143.34295229383923,7.0649999999999995,23.0475,0,434.14,Water Year
DPR,mid,1018.591893,39.22846,-120.81518,recent,2019,21.383333333333333,41.7275,157.28499166666666,8.141666666666666,19.625,13.883333333333333,11.483333333333333,7.1420459041488735,32.32,1887.4198999999996,109.77853930959296,2.745,23.8,0,584.8199,Water Year
DPR,mid,1018.591893,39.22846,-120.81518,recent,2020,29.994166666666665,0,75.3125,8.962499999999999,21.158333333333335,15.060416666666667,12.195833333333335,7.13400227410741,31.12,903.75,127.45870802188315,6.85,24.793333333333333,0,130.54,Water Year
DPR,mid,1018.591893,39.22846,-120.81518,recent,2021,35.8075,0,55.984166666666674,9.5375,22.2125,15.875,12.675,7.689913405352375,32.5,671.8100000000002,114.84731330204363,7.01,24.32,0,182.8,Water Year
DPR,mid,1018.591893,39.22846,-120.81518,recent,2022,24.774166666666666,1.5658333333333332,103.24666666666667,8.833333333333332,21.0225,14.927916666666667,12.189166666666667,6.791093585228621,30.89,1238.96,146.04057846573215,5.74,24.52,0.7,439.34,Water Year
DPR,mid,1018.591893,39.22846,-120.81518,recent,2023,27.819166666666668,28.180833333333332,152.78916666666666,7.690833333333334,18.964166666666667,13.3275,11.273333333333333,7.589837853100925,32.6,1833.4700000000003,133.6356486743374,5.845,22.247500000000002,0,442.35,Water Year
DPR,mid,1018.591893,39.22846,-120.81518,recent,2024,28.75,0,100.13833333333334,9.4591666666666665,20.27,14.864583333333334,10.810833333333333,7.451840973981876,31.87,1201.66,109.48173746268495,6.415000000000001,24.880000000000003,0,295.65,Water Year
DPR,mid,1018.591893,39.22846,-120.81518,recent,2025,30.614166854222617,0,111.65749932913737,9.244166742960621,20.169166723887116,14.70666673342387,10.924999980926495,6.974832896188084,28.9099998474121,1339.8899919496484,126.75186279823687,7.19499993324278,23.195000171661373,0,390.079986572266,Water Year
LV1,high,2593.416641,40.47471,-121.50486,historic,1965,45.24583333333334,835.5824416666667,186.69415833333332,-3.0524999999999998,9.624166666666667,3.2858333333333336,12.676666666666666,6.099079972844389,31.11,2240.3298999999997,126.84270914102865,-3.455,6.8,25.91,338.77,Water Year
LV1,high,2593.416641,40.47471,-121.50486,historic,1966,51.8025,393.26414166666666,103.75166666666667,-3.4275,11.015833333333333,3.7941666666666665,14.443333333333333,7.406055210966144,35.879999999999995,1245.0200000000002,121.29988696069029,-0.18999999999999995,15.129999999999999,5.69,120.58,Water Year
LV1,high,2593.416641,40.47471,-121.50486,historic,1967,48.638333333333335,751.1441083333333,180.18165833333333,-3.0974999999999997,10.035,3.4687500000000004,13.1325,7.108061084878465,33.23,2162.1799000000005,108.49623222821761,0.9250000000000003,5.895,5.4,366.45,Water Year
LV1,high,2593.416641,40.47471,-121.50486,historic,1968,49.35666666666666,325.65830833333337,137.06916666666666,-2.85,10.44,3.7949999999999995,13.29,6.536627223159162,34.86,1644.8299999999997,81.20232473882835,-5.17,14.28,2.86,221.55,Water Year
LV1,high,2593.416641,40.47471,-121.50486,historic,1969,48.26083333333333,817.3741,199.24665833333336,-3.616666666666667,9.755833333333333,3.069583333333333,13.3725,7.962958409334303,35.57,2390.9599,104.17152450681468,-6.125,12.885,12.43,466.99,Water Year
LV1,high,2593.416641,40.47471,-121.50486,historic,1970,48.23583333333333,760.2082666666668,191.37581666666668,-2.705833333333333,10.755833333333333,4.025,13.461666666666666,6.265157256968532,30.939999999999998,2296.5098,136.14177250128685,-3.1750000000000003,13.682500000000001,0,809.5699,Water Year
LV1,high,2593.416641,40.47471,-121.50486,historic,1971,44.77916666666667,648.10745,182.6025,-2.9741666666666666,9.345,3.1854166666666672,12.319166666666666,6.990916007848176,33.65,2191.2300000000005,91.35304091043507,-6.025,13.48,7.46,472.37,Water Year
LV1,high,2593.416641,40.47471,-121.50486,historic,1972,49.99333333333333,354.31415,114.4725,-3.6616666666666666,10.085,3.2116666666666664,13.746666666666666,6.916992690381267,35.79,1373.67,75.64351819403682,-7.1850000000000005,13.95,0,296.87,Water Year
LV1,high,2593.416641,40.47471,-121.50486,historic,1973,46.73083333333333,520.3041333333333,146.32833333333332,-3.205833333333334,9.763333333333332,3.2787499999999996,12.969166666666666,7.614168648286262,34.91,1755.94,89.9219426527182,-6.49,11.975,29.71,220.81,Water Year
LV1,high,2593.416641,40.47471,-121.50486,historic,1974,45.384166666666665,1222.2148833333333,246.72831666666667,-2.8449999999999998,9.866666666666667,3.5108333333333333,12.711666666666668,7.427909235179211,32.17,2960.7398,109.8609834135258,-2.76,12.209999999999999,9.88,476.49,Water Year
LV1,high,2593.416641,40.47471,-121.50486,historic,1975,45.35666666666666,448.5557833333333,141.39416666666668,-4.196666666666666,9.494166666666667,2.6487499999999997,13.690833333333334,6.861730541396046,33.269999999999996,1696.73,97.61932363718569,-4.235,11.42,21.28,95.38,Water Year
LV1,high,2593.416641,40.47471,-121.50486,historic,1976,43.72083333333333,198.54166666666669,94.94916666666667,-4.513333333333333,10.150833333333335,2.81875,14.664166666666667,5.451415214502477,30.98,1139.3899999999999,85.64981078775784,1.725,6.03,30.77,24.66,Water Year
LV1,high,2593.416641,40.47471,-121.50486,historic,1977,46.54833333333333,46.39,66.03416666666666,-4.4350000000000005,11.458333333333334,3.5116666666666667,15.893333333333333,6.215978798567642,34.71,792.41,85.54546645855253,7.285,12.355,4.91,82.29,Water Year
LV1,high,2593.416641,40.47471,-121.50486,historic,1978,42.04833333333333,679.13495,192.19249166666668,-3.6741666666666664,10.079166666666667,3.2025,13.753333333333334,5.056882573645186,28.64,2306.3099,92.4358479530516,-2.855,11.48,14.24,582.9799,Water Year
LV1,high,2593.416641,40.47471,-121.50486,historic,1979,45.729166666666664,290.6625,113.61083333333333,-4.7091666666666665,10.269166666666667,2.78,14.978333333333333,6.477006884496741,33.46,1363.3300000000002,93.90012826522002,-4.055,6.015,15.68,77.82,Water Year
LV1,high,2593.416641,40.47471,-121.50486,historic,1980,43.795833333333334,515.5224583333334,171.76,-3.7691666666666666,10.059166666666666,3.145,13.828333333333333,5.20846513772619,29.5,2061.12,79.36116184928733,5.305000000000001,10.29,35.26,119.3,Water Year
LV1,high,2593.416641,40.47471,-121.50486,historic,1981,51.10416666666667,238.39164166666666,107.15833333333333,-3.1341666666666663,12.08,4.472916666666667,15.214166666666667,5.45291142348968,31.76,1285.9,79.99125891801084,-0.835,12.96,0,123.65,Water Year
LV1,high,2593.416641,40.47471,-121.50486,historic,1982,39.969166666666666,976.2290833333333,248.78832500000001,-3.97,9.4275,2.7287500000000002,13.3975,5.76820522149418,32.14,2985.4599000000003,95.19462678161366,0.9049999999999998,11.41,11.06,184.53,Water Year
LV1,high,2593.416641,40.47471,-121.50486,historic,1983,41.7075,1017.0399166666666,239.428325,-3.9091666666666667,8.918333333333333,2.504583333333333,12.8275,5.608461731386267,28.04,2873.1399,80.69873832011318,-2.1799999999999997,8.895,14.54,333.41,Water Year
LV1,high,2593.416641,40.47471,-121.50486,historic,1984,46.26083333333333,824.254925,182.62333333333333,-2.975,10.416666666666666,3.7208333333333337,13.391666666666667,5.926849474802756,31.39,2191.48,126.37937566814897,-1.4449999999999998,13.475,6.33,636.58,Water Year
LV1,high,2593.416641,40.47471,-121.50486,historic,1985,48.57,422.75163333333336,113.473325,-4.214166666666666,9.665,2.725416666666667,13.879166666666666,6.612331268970578,32.21,1361.6799000000003,129.6220825176903,-2.385,13.135,3.47,76.02,Water Year
LV1,high,2593.416641,40.47471,-121.50486,historic,1986,48.0525,571.6615916666667,180.36749166666667,-3.3900000000000006,10.000833333333333,3.305416666666667,13.390833333333333,5.751469163429356,31.82,2164.4099,104.21687162106615,-0.9950000000000001,13.04,0,157.4,Water Year
LV1,high,2593.416641,40.47471,-121.50486,historic,1987,48.69916666666667,166.56832500000002,83.24916666666667,-3.495,11.355,3.93,14.850000000000001,6.124128509428913,33.41,998.9900000000002,113.8878051063211,-2.74,13.43,0,160.74,Water Year
LV1,high,2593.416641,40.47471,-121.50486,historic,1988,48.29416666666667,357.3582916666667,108.7675,-2.2875,11.363333333333333,4.537916666666667,13.650833333333333,7.409009398371115,34.51,1305.21,128.55051357274343,-5.664999999999999,11.459999999999999,23.24,511.25,Water Year
LV1,high,2593.416641,40.47471,-121.50486,historic,1989,48.07666666666667,518.4691250000001,152.345,-3.8025,10.393333333333333,3.2954166666666675,14.195833333333333,7.116374031489674,35.55,1828.1399999999999,123.1194078377311,-0.98,13.64,0,115.26,Water Year
LV1,high,2593.416641,40.47471,-121.50486,historic,1990,46.589166666666664,178.7416583333333,114.06083333333333,-4.299166666666666,10.9225,3.311666666666667,15.221666666666668,6.5918835538773575,37.18,1368.73,97.94550512512298,2.8749999999999996,-1.5749999999999997,17.29,148.56,Water Year
LV1,high,2593.416641,40.47471,-121.50486,historic,1991,45.29666666666667,181.430825,91.67666666666666,-3.6958333333333333,10.604166666666666,3.4541666666666666,14.3,6.923375370088748,35.89,1100.12,138.80981259667732,-4.18,11.354999999999999,81.6,45.8,Water Year
LV1,high,2593.416641,40.47471,-121.50486,historic,1992,48.549166666666665,163.65915833333332,94.31666666666666,-2.0774999999999997,12.190833333333334,5.056666666666667,14.268333333333333,6.089722837898638,32.12,1131.8000000000002,84.29413418032307,-0.7249999999999996,10.445,3.33,85.58,Water Year
LV1,high,2593.416641,40.47471,-121.50486,historic,1993,43.662499999999994,609.3257583333333,197.0924916666667,-3.45,9.5725,3.06125,13.0225,6.685601599706642,32.620000000000005,2365.1098999999995,85.51217723454158,-7.35,9.709999999999999,13.93,553.1299,Water Year
LV1,high,2593.416641,40.47471,-121.50486,historic,1994,52.4125,217.98248333333333,93.5,-2.299166666666667,11.265833333333333,4.4833333333333325,13.565000000000001,6.728606614277355,32.77,1121.9999999999998,84.4679696857803,-3.665,13.8825,0,230.35,Water Year
LV1,high,2593.416641,40.47471,-121.50486,recent,1995,44.483333333333334,901.3149500000001,218.87165,-2.8808333333333334,9.342500000000001,3.2308333333333334,12.223333333333333,6.7821258511329665,31.14,2626.4598000000005,116.48996419257482,-4,12.2325,13.3,248.6,Water Year
LV1,high,2593.416641,40.47471,-121.50486,recent,1996,46.54333333333334,495.55829166666666,162.54083333333332,-1.6783333333333332,11.538333333333334,4.93,13.216666666666667,6.346599662238614,30.220000000000002,1950.49,97.35473648955544,-1.6250000000000002,14.59,57.38,341.87,Water Year
LV1,high,2593.416641,40.47471,-121.50486,recent,1997,46.02333333333333,770.6991083333335,196.78165,-2.0083333333333333,11.026666666666667,4.509166666666667,13.035,5.621768499378648,29.02,2361.3797999999997,141.03900246591985,-1.9700000000000002,-2.2649999999999997,34.765,567.2299,Water Year
LV1,high,2593.416641,40.47471,-121.50486,recent,1998,41.928333333333335,803.3716083333334,226.05499166666667,-2.3316666666666666,9.3625,3.515416666666667,11.694166666666666,6.8426179394403945,32.18,2712.6599,80.5202383677005,-3.195,13.475,21.41,482.08,Water Year
LV1,high,2593.416641,40.47471,-121.50486,recent,1999,48.50833333333333,653.35245,151.950825,-2.9133333333333336,10.0425,3.564583333333333,12.955833333333333,6.666992118003077,31.490000000000002,1823.4098999999999,107.31797871704295,-1.3749999999999998,12.04,0.22,180.82,Water Year
LV1,high,2593.416641,40.47471,-121.50486,recent,2000,52.63666666666666,346.46748333333335,149.43833333333333,-1.4899999999999998,11.809999999999999,5.16,13.3,6.1372732322484005,30.75,1793.2600000000002,102.07920838796616,-1.845,13.770000000000001,2.07,382.61,Water Year
LV1,high,2593.416641,40.47471,-121.50486,recent,2001,52.66083333333333,194.024975,93.24416666666667,-1.8766666666666671,11.146666666666667,4.635,13.023333333333333,7.248909949402424,33.42,1118.9299999999998,80.10453690333819,-4.2,14.47,0,144.46,Water Year
LV1,high,2593.416641,40.47471,-121.50486,recent,2002,50.498333333333335,447.76913333333334,134.53833333333333,-1.3708333333333336,11.494166666666667,5.0616666666666665,12.865,7.094671923138495,33.62,1614.4599999999998,110.50086276727706,-3.62,12.642499999999998,44.29,176.68,Water Year
LV1,high,2593.416641,40.47471,-121.50486,recent,2003,48.52833333333333,708.7657583333333,190.28415833333332,-0.9366666666666669,11.4875,5.275416666666667,12.424166666666666,6.843348282799655,31,2283.4099,133.9068379548209,-2.58,5.609999999999999,5.86,887.8499,Water Year
LV1,high,2593.416641,40.47471,-121.50486,recent,2004,51.58166666666666,450.78245833333335,128.22916666666666,-1.2633333333333332,11.2625,4.999583333333334,12.525833333333333,6.531357390011713,29.630000000000003,1538.7500000000005,126.33246061578468,-2.89,8.084999999999999,23.96,405.38,Water Year
LV1,high,2593.416641,40.47471,-121.50486,recent,2005,48.21,279.5458,133.96583333333334,-1.3241666666666667,10.405833333333334,4.5408333333333335,11.73,6.264947519671847,31.6,1607.5900000000001,74.33830728845147,5.995,14.26,0.05,230.6,Water Year
LV1,high,2593.416641,40.47471,-121.50486,recent,2006,50.97083333333333,869.1699166666666,226.623325,-1.2733333333333337,11.138333333333334,4.932499999999999,12.411666666666667,7.030594019905236,33.61,2719.4799000000003,112.22947431075895,-1.065,13.135000000000002,7.98,417.9,Water Year
LV1,high,2593.416641,40.47471,-121.50486,recent,2007,50.78666666666667,269.90499166666666,97.6975,-1.4158333333333333,11.879166666666666,5.231666666666667,13.295,6.309503414162903,33.15,1172.3700000000001,119.97275963671234,-1.255,13.93,37.23,24.46,Water Year
LV1,high,2593.416641,40.47471,-121.50486,recent,2008,52.475833333333334,264.3124833333333,93.83916666666667,-2.0300000000000002,11.323333333333334,4.646666666666667,13.353333333333333,7.141880747118409,32.56,1126.0700000000002,129.00889273146902,-5.175,14.955,0,369.53,Water Year
LV1,high,2593.416641,40.47471,-121.50486,recent,2009,48.0125,266.0183083333333,136.99583333333334,-1.3233333333333333,11.919166666666667,5.297916666666666,13.2425,6.576985513665793,32.019999999999996,1643.95,79.08012025022875,-2.075,14.829999999999998,1,217.84,Water Year
LV1,high,2593.416641,40.47471,-121.50486,recent,2010,45.7425,394.53497500000003,146.66833333333332,-2.0875000000000004,10.504166666666666,4.208333333333334,12.591666666666667,6.510676313610289,33.46,1760.02,80.44009647321428,-1.625,15.43,4.23,186.99,Water Year
LV1,high,2593.416641,40.47471,-121.50486,recent,2011,45.68,602.0174416666666,190.36166666666668,-1.7483333333333335,10.299999999999999,4.275833333333334,12.048333333333332,6.606404204645028,31.15,2284.34,92.15488172079667,-2.3649999999999998,13.4925,0,213.6,Water Year
LV1,high,2593.416641,40.47471,-121.50486,recent,2012,51.431666666666665,192.04998333333333,109.8925,-1.1391666666666667,11.603333333333333,5.232083333333334,12.7425,6.7019791711557914,30.7,1318.7100000000003,115.18159918566288,-1.2,12.79,1.22,19.28,Water Year
LV1,high,2593.416641,40.47471,-121.50486,recent,2013,52.37416666666667,395.40496666666667,139.80915833333333,-1.0283333333333333,11.475833333333332,5.223750000000001,12.504166666666666,6.716586025720886,33.73,1677.7099,132.5344235207478,-4.155,13.18,9.38,628.7899,Water Year
LV1,high,2593.416641,40.47471,-121.50486,recent,2014,51.16833333333334,97.71083333333334,96.11416666666666,-0.6174999999999996,12.3425,5.8625,12.959999999999999,6.304930790478772,32.9,1153.37,123.06370941226953,1.2400000000000002,16.59,9.12,19.96,Water Year
LV1,high,2593.416641,40.47471,-121.50486,recent,2015,51.98916666666666,259.9458166666667,127.86083333333332,0.5633333333333327,12.694166666666666,6.62875,12.130833333333333,5.626116101393894,25.93,1534.3299999999997,128.09388304198438,-1.3900000000000001,14.129999999999999,68.94,581.28,Water Year
LV1,high,2593.416641,40.47471,-121.50486,recent,2016,50.80583333333333,533.4974583333333,166.77083333333334,-0.4358333333333331,11.409166666666666,5.486666666666666,11.845,6.68530897271069,30.33,2001.2499999999998,115.92016168719823,0.4849999999999999,14.354999999999999,10.18,449.28,Water Year
LV1,high,2593.416641,40.47471,-121.50486,recent,2017,50.5725,768.6124416666667,250.58831666666669,-0.44666666666666704,11.094999999999999,5.324166666666667,11.541666666666666,7.457090534680683,32.99,3007.0598000000005,90.46495799547532,-4.775,16.095,12.46,618.96,Water Year
LV1,high,2593.416641,40.47471,-121.50486,recent,2018,51.594166666666666,281.60999166666664,121.74583333333334,-0.8000000000000006,11.925833333333333,5.562916666666666,12.725833333333334,6.493265552699873,32.4,1460.95,127.9129281853799,1.6249999999999998,12.605,2.32,19.93,Water Year
LV1,high,2593.416641,40.47471,-121.50486,recent,2019,46.394999999999996,515.216625,183.04665833333334,-1.1025000000000007,10.5425,4.72,11.645,6.70008514192849,32.13,2196.5599000000007,92.02626144558059,-5.78,13.629999999999999,30.8,542.1199,Water Year
LV1,high,2593.416641,40.47471,-121.50486,recent,2020,51.435,230.61663333333334,94.91499999999999,-0.5108333333333335,11.8775,5.683333333333333,12.388333333333334,6.974482168243855,30.490000000000002,1138.98,122.98680291415273,-2.145,14.16,7.48,189.13,Water Year
LV1,high,2593.416641,40.47471,-121.50486,recent,2021,55.97416666666667,158.46665833333333,63.4125,-0.49416666666666675,12.7825,6.144166666666667,13.276666666666666,7.5950533642668105,32.12,760.95,95.70603097681207,-2.77,9.24,3.21,167.24,Water Year
LV1,high,2593.416641,40.47471,-121.50486,recent,2022,52.65833333333333,166.78,110.3375,-0.8733333333333336,11.683333333333334,5.404999999999999,12.556666666666667,6.567286349779488,30.959999999999997,1324.0500000000002,119.80247445594352,4.99,15.309999999999999,4.09,354.35,Water Year
LV1,high,2593.416641,40.47471,-121.50486,recent,2023,50.41583333333333,706.9991083333333,167.35415833333332,-2.250833333333334,9.9825,3.8658333333333332,12.233333333333334,7.549888871347511,32.81,2008.2499000000003,120.90323127682981,-4.890000000000001,9.535,0.26,551.5499,Water Year
LV1,high,2593.416641,40.47471,-121.50486,recent,2024,52.0875,410.6849666666667,129.65166666666667,-0.7874999999999999,11.326666666666666,5.269583333333333,12.114166666666666,6.887791722359646,32.53,1555.8200000000002,108.40497368713217,-2.735,12.425,3.07,370.09,Water Year
LV1,high,2593.416641,40.47471,-121.50486,recent,2025,50.77500091552734,704.4691485758469,165.36915662387216,-0.926666713953018,10.677500091393785,4.875416688720384,11.604166805346804,6.467002817313926,29.05000019073482,1984.4298794864662,123.60505364380725,-1.155,11.044999837875384,14.7600002288818,494.019989013672,Water Year
SQ3,high,2373.170732,36.72109,-118.84933,historic,1965,51.68666666666667,287.59746666666666,111.71666666666667,-0.7100000000000002,11.153333333333334,5.221666666666667,11.863333333333333,5.989637769186097,27.63,1340.6000000000001,110.93230284637936,-0.5300000000000002,8.46,8.68,240.56,Water Year
SQ3,high,2373.170732,36.72109,-118.84933,historic,1966,62.52,105.0375,67.62083333333334,0.40083333333333343,12.923333333333334,6.662083333333333,12.5225,6.963718135102218,32.57,811.45,138.4865342650977,2.85,15.055,8.83,81.86,Water Year
SQ3,high,2373.170732,36.72109,-118.84933,historic,1967,49.55083333333334,332.374975,162.10415833333334,0.027499999999999858,12.2275,6.1274999999999995,12.2,6.94658761878482,33.81,1945.2498999999998,126.02072168768552,0.81,8.95,3.35,429.99,Water Year
SQ3,high,2373.170732,36.72109,-118.84933,historic,1968,61.4375,79.17999999999999,53.6425,0.4374999999999999,12.855833333333333,6.646666666666667,12.418333333333333,6.377283667024463,31.37,643.7099999999999,102.22736148005806,-2.62,13.440000000000001,1.8,176.05,Water Year
SQ3,high,2373.170732,36.72109,-118.84933,historic,1969,48.39333333333334,568.34995,185.15999166666666,-0.6749999999999998,11.859166666666667,5.592083333333333,12.534166666666668,7.197368034829668,34.019999999999996,2221.9199,140.12822340665778,-0.5250000000000004,16.7,0.18,504.88,Water Year
SQ3,high,2373.170732,36.72109,-118.84933,historic,1970,58.64,113.43416666666666,77.43833333333333,-0.3166666666666669,12.625833333333333,6.154583333333333,12.9425,6.442829509100278,30.47,929.26,133.1207568960714,-0.3200000000000003,11.545000000000002,9.87,69.44,Water Year
SQ3,high,2373.170732,36.72109,-118.84933,historic,1971,56.244166666666665,138.03,77.175,-0.7149999999999999,11.874166666666667,5.579583333333333,12.589166666666667,6.763921824427726,31.85,926.1,115.43891038691244,-2.795,16.685,1.63,288.48,Water Year
SQ3,high,2373.170732,36.72109,-118.84933,historic,1972,57.28,113.33750000000002,59.93333333333334,-0.6599999999999997,11.905000000000001,5.6225000000000005,12.565,6.7403663577259385,32.96,719.2,136.42396657738234,-4.2749999999999995,16.86,1.83,304.26,Water Year
SQ3,high,2373.170732,36.72109,-118.84933,historic,1973,54.638333333333335,331.0541416666666,107.72166666666666,-1.5549999999999997,10.96,4.702500000000001,12.515,7.401096816750142,32.14,1292.6599999999999,111.69785064707654,-3.3850000000000002,11.82,0.11,234.6,Water Year
SQ3,high,2373.170732,36.72109,-118.84933,historic,1974,54.36666666666667,187.81165833333333,101.62416666666667,-0.254166666666667,12.441666666666666,6.09375,12.695833333333335,6.762914959542225,29.759999999999998,1219.49,108.94369150756933,0.8399999999999999,14.700000000000001,13.01,281.02,Water Year
SQ3,high,2373.170732,36.72109,-118.84933,historic,1975,53.97833333333333,172.795825,90.28916666666666,-0.9374999999999999,11.375,5.21875,12.3125,6.723456945311284,29.549999999999997,1083.4700000000003,106.43321265869976,-1.8399999999999999,13.645,11.23,172.79,Water Year
SQ3,high,2373.170732,36.72109,-118.84933,historic,1976,57.291666666666664,21.915,58.52916666666667,-0.4900000000000002,12.001666666666667,5.755833333333333,12.491666666666667,5.358734939471736,29.380000000000003,702.35,88.32086744153129,5.735,10.42,14.46,113.88,Water Year
SQ3,high,2373.170732,36.72109,-118.84933,historic,1977,55.3775,16.119166666666665,33.98833333333334,-0.06333333333333324,12.454166666666667,6.195416666666667,12.5175,6.145687127177197,31.12,407.86000000000007,94.14687588795651,1.5350000000000001,11,12.85,49.55,Water Year
SQ3,high,2373.170732,36.72109,-118.84933,historic,1978,53.16166666666667,297.91415,162.34916666666666,0.10750000000000008,11.946666666666667,6.027083333333334,11.839166666666667,5.829180301931331,28.5,1948.19,98.88576026992482,2.65,14.81,2.04,376.54,Water Year
SQ3,high,2373.170732,36.72109,-118.84933,historic,1979,57.715,165.99083333333334,77.11916666666666,-0.7408333333333332,11.834999999999999,5.547083333333334,12.575833333333334,7.050908535376305,31.43,925.43,122.8105902423597,-2.03,10.1,3.83,177.78,Water Year
SQ3,high,2373.170732,36.72109,-118.84933,historic,1980,50.97083333333333,234.62582500000002,132.00916666666666,-0.1866666666666666,11.608333333333334,5.710833333333333,11.795,5.758220540052178,29.16,1584.11,135.7144770485044,-0.04499999999999993,14.195,21.77,158.4,Water Year
SQ3,high,2373.170732,36.72109,-118.84933,historic,1981,59.9425,57.41833333333334,67.14166666666667,1.0358333333333336,13.671666666666667,7.35375,12.635833333333334,6.156863548106291,29.94,805.6999999999999,121.38754788502025,0.56,13.945,2.67,216.89,Water Year
SQ3,high,2373.170732,36.72109,-118.84933,historic,1982,46.9025,192.76748333333336,143.23583333333335,-0.4549999999999998,11.078333333333333,5.3116666666666665,11.533333333333333,5.647161528886289,28.35,1718.8299999999997,86.96828330039165,-1.4949999999999999,14.745000000000001,11.5,337.16,Water Year
SQ3,high,2373.170732,36.72109,-118.84933,historic,1983,44.94416666666667,443.489125,174.42833333333334,-0.771666666666667,10.625833333333333,4.927083333333333,11.3975,6.130074320450154,26.409999999999997,2093.14,84.55697990627039,-0.605,13.055,53.67,147.17,Water Year
SQ3,high,2373.170732,36.72109,-118.84933,historic,1984,56.461666666666666,168.08666666666664,91.975,1.0908333333333329,12.581666666666667,6.83625,11.490833333333335,6.391835034920439,29.07,1103.7,135.28824706965062,0.08999999999999986,9.82,46.34,145.41,Water Year
SQ3,high,2373.170732,36.72109,-118.84933,historic,1985,57.945,150.64665833333333,76.98416666666667,-0.3933333333333333,11.456666666666667,5.531666666666667,11.85,6.766231102566135,31.04,923.81,113.84425085604036,-1.6,15.02,11.53,105.05,Water Year
SQ3,high,2373.170732,36.72109,-118.84933,historic,1986,58.25416666666667,165.12415000000001,132.87833333333333,0.5925000000000001,12.329166666666666,6.460833333333333,11.736666666666666,5.34577481131906,27.700000000000003,1594.5400000000004,124.31991664556901,0.20500000000000007,12.595,3.7,567.96,Water Year
SQ3,high,2373.170732,36.72109,-118.84933,historic,1987,61.07333333333333,52.78583333333333,51.73666666666667,0.21916666666666657,12.514166666666666,6.366666666666667,12.295,6.182766861252821,30.42,620.8400000000003,122.67232511680987,-1.3450000000000002,13.370000000000001,6.21,106.48,Water Year
SQ3,high,2373.170732,36.72109,-118.84933,historic,1988,55.31916666666667,87.41,70.4425,0.7083333333333334,12.7825,6.745416666666666,12.074166666666667,6.486309168455345,31.48,845.3100000000001,95.76583315579929,-0.2450000000000001,17.12,10.94,177.81,Water Year
SQ3,high,2373.170732,36.72109,-118.84933,historic,1989,63.501666666666665,68.16166666666666,73.2225,0.720833333333333,12.918333333333333,6.819583333333333,12.1975,6.495507698798572,32.81,878.6700000000001,99.2090125747512,-0.2450000000000001,12.11,0.01,111.32,Water Year
SQ3,high,2373.170732,36.72109,-118.84933,historic,1990,61.916666666666664,44.427499999999995,55.9825,0.8449999999999999,12.870833333333334,6.857916666666666,12.025833333333333,5.812468751952499,30.659999999999997,671.79,100.20343729530215,0.03500000000000014,4.425000000000001,3.01,145.37,Water Year
SQ3,high,2373.170732,36.72109,-118.84933,historic,1991,59.12083333333334,118.69915833333333,74.17,0.45916666666666667,12.23,6.3445833333333335,11.770833333333334,6.6183723137440165,31.68,890.0400000000001,232.28439379406637,-3.3149999999999995,16.33,0.4,625.4,Water Year
SQ3,high,2373.170732,36.72109,-118.84933,historic,1992,61.79833333333333,27.195833333333336,63.09166666666666,1.7741666666666667,13.605833333333333,7.6899999999999995,11.831666666666667,5.8128333726489885,29.48,757.0999999999999,98.21914317144358,0.43500000000000005,13.715,7.8,218.29,Water Year
SQ3,high,2373.170732,36.72109,-118.84933,historic,1993,54.71,295.52997500000004,119.29833333333332,0.24999999999999983,12.139166666666666,6.194583333333334,11.889166666666666,6.600571758406902,30.51,1431.58,116.63250489478331,-1.2349999999999999,14.01,3.48,298.24,Water Year
SQ3,high,2373.170732,36.72109,-118.84933,historic,1994,62.59166666666667,44.118333333333325,65.8775,1.4791666666666667,13.125,7.302083333333333,11.645833333333334,6.680276075655085,32.769999999999996,790.53,107.26379506381578,-2.3899999999999997,13.334999999999999,0.3,262.68,Water Year
SQ3,high,2373.170732,36.72109,-118.84933,recent,1995,47.31333333333333,364.8041416666666,151.83415833333333,-0.5091666666666668,11.361666666666666,5.42625,11.870833333333334,6.436435392993688,29.380000000000003,1822.0099,118.86657342364525,-0.1349999999999998,16.095,0.2,517.15,Water Year
SQ3,high,2373.170732,36.72109,-118.84933,recent,1996,55.23083333333334,166.01081666666667,105.625,1.5291666666666668,13.959166666666667,7.744166666666667,12.43,6.768082793300456,30.86,1267.5,124.6669486511611,-0.31000000000000005,11.215,10.7,408.25,Water Year
SQ3,high,2373.170732,36.72109,-118.84933,recent,1997,61.050000000000004,229.70165000000003,127.47499166666668,0.9916666666666665,13.065,7.028333333333333,12.073333333333332,5.965892577177723,29.69,1529.6998999999998,163.13226364088692,-0.5050000000000003,16.87,0.23,591.3799,Water Year
SQ3,high,2373.170732,36.72109,-118.84933,recent,1998,46.405,328.763325,148.8225,-0.805,11.095,5.1450000000000005,11.9,6.816869449454719,32.94,1785.8699999999997,86.47061900793697,-2.915,15.844999999999999,7.34,466.17,Water Year
SQ3,high,2373.170732,36.72109,-118.84933,recent,1999,56.420833333333334,64.87083333333334,66.48916666666666,0.13750000000000018,12.3475,6.2425,12.21,6.56060054762173,28.92,797.8699999999999,85.22938603394499,1.0899999999999999,15.34,24.89,86.56,Water Year
SQ3,high,2373.170732,36.72109,-118.84933,recent,2000,62.24333333333334,110.65333333333334,85.76666666666665,2.006666666666667,14.373333333333333,8.19,12.366666666666667,6.582020620945018,30.25,1029.1999999999998,144.8363094764352,-0.73,15.905,6.28,398.9,Water Year
SQ3,high,2373.170732,36.72109,-118.84933,recent,2001,58.87083333333334,85.07916666666667,70.825,0.43416666666666714,13.42,6.927083333333333,12.985833333333334,7.688464044011691,34.54,849.9,115.0308724054533,-2.9050000000000002,13.559999999999999,0.02,204.6,Water Year
SQ3,high,2373.170732,36.72109,-118.84933,recent,2002,64.00833333333334,112.21083333333334,79.33833333333334,0.7933333333333336,14.114166666666666,7.453749999999999,13.320833333333333,7.101121590348182,32.9,952.0600000000001,121.00099973825427,-1.3900000000000001,16.785,1.36,291.38,Water Year
SQ3,high,2373.170732,36.72109,-118.84933,recent,2003,55.2025,90.1875,98.9975,1.0416666666666667,13.73,7.385833333333334,12.688333333333333,7.29956375823967,32.07,1187.97,101.44805728406676,4.545,13.425,28.04,218.11,Water Year
SQ3,high,2373.170732,36.72109,-118.84933,recent,2004,64.39166666666667,108.7175,63.44083333333333,1.3925,13.894166666666667,7.643333333333333,12.501666666666667,7.175562801282664,31.8,761.2900000000001,147.38622438061194,0.20999999999999996,16.915,4.63,209.08,Water Year
SQ3,high,2373.170732,36.72109,-118.84933,recent,2005,55.56916666666667,107.67083333333332,109.56833333333333,0.7591666666666664,12.853333333333333,6.8062499999999995,12.094166666666666,6.699780567980635,31.6,1314.8199999999997,101.14405780379207,0.31000000000000005,10.39,0.4,356.69,Water Year
SQ3,high,2373.170732,36.72109,-118.84933,recent,2006,53.95,163.20082499999998,112.565,1.0066666666666666,13.589166666666666,7.297916666666667,12.5825,7.238798072738235,34.65,1350.78,117.27435765965126,0.15000000000000036,14.395,29.17,307.08,Water Year
SQ3,high,2373.170732,36.72109,-118.84933,recent,2007,69.82333333333334,27.515,45.163333333333334,1.2308333333333332,14.4175,7.824166666666667,13.186666666666667,6.756879939376718,34.18,541.9599999999999,127.66549896287191,0.16500000000000004,16.175,0,35.85,Water Year
SQ3,high,2373.170732,36.72109,-118.84933,recent,2008,61.93,137.26083333333335,67.98833333333333,0.9783333333333332,14.054166666666667,7.51625,13.075833333333334,7.34068894617838,32.84,815.86,148.663015744433,-1.4000000000000004,13.6,0.53,163.99,Water Year
SQ3,high,2373.170732,36.72109,-118.84933,recent,2009,60.806666666666665,69,74.65916666666666,1.6299999999999997,14.4875,8.05875,12.8575,6.967943848602164,32.6,895.9099999999999,93.61305824041304,-0.9500000000000002,16.935000000000002,1.04,223.75,Water Year
SQ3,high,2373.170732,36.72109,-118.84933,recent,2010,54.955,166.53083333333333,101.22083333333335,0.09833333333333352,12.7975,6.447916666666667,12.699166666666667,7.021795114412544,29.849999999999998,1214.6499999999999,100.8662094925288,-0.565,16.625,3.42,245.75,Water Year
SQ3,high,2373.170732,36.72109,-118.84933,recent,2011,49.18,230.04330833333333,136.36665833333333,-0.021666666666667094,12.614166666666666,6.29625,12.635833333333334,6.776089353883859,32.37,1636.3999,125.40450417761191,1.245,16.564999999999998,5.01,186.71,Water Year
SQ3,high,2373.170732,36.72109,-118.84933,recent,2012,67.79666666666667,12.075833333333332,55.004999999999995,1.6666666666666667,14.523333333333333,8.095,12.856666666666667,6.75306832618935,31.98,660.0600000000001,119.06871648980304,3.0949999999999998,1.35,3.19,47.91,Water Year
SQ3,high,2373.170732,36.72109,-118.84933,recent,2013,68.32083333333333,74.10583333333332,45.321666666666665,1.3800000000000001,13.95,7.665,12.57,7.051212983980456,33.5,543.86,158.20002494853964,-1.185,14.309999999999999,13.07,25.26,Water Year
SQ3,high,2373.170732,36.72109,-118.84933,recent,2014,69.33833333333334,1.3041666666666665,39.08583333333333,2.0591666666666666,14.785,8.422083333333333,12.725833333333334,6.16435960632251,30.259999999999998,469.03,105.09321716764394,3.2750000000000004,13.525,5.73,23.07,Water Year
SQ3,high,2373.170732,36.72109,-118.84933,recent,2015,69.17083333333333,9.9275,42.236666666666665,2.753333333333334,14.895833333333334,8.824583333333333,12.1425,5.961120035977579,28.310000000000002,506.84,116.26270513624628,1.0350000000000001,11.385,2.38,158.72,Water Year
SQ3,high,2373.170732,36.72109,-118.84933,recent,2016,65.55333333333333,83.86333333333332,76.30166666666666,1.5483333333333336,13.913333333333334,7.730833333333334,12.365,7.02756709270173,31.23,915.6200000000001,100.56947653693604,-0.17999999999999972,18.185000000000002,0,165.17,Water Year
SQ3,high,2373.170732,36.72109,-118.84933,recent,2017,59.57833333333333,289.76498333333336,142.205825,1.988333333333334,13.845833333333333,7.917083333333332,11.8575,6.826270930061746,32.65,1706.4699,145.39351667887695,-1.78,18.67,0.64,718.9999,Water Year
SQ3,high,2373.170732,36.72109,-118.84933,recent,2018,66.21666666666667,23.320833333333333,62.762499999999996,2.1574999999999998,14.971666666666668,8.564583333333333,12.814166666666667,6.605889403449476,31.65,753.1499999999999,182.01692109644475,-0.11999999999999966,13.395,11.53,408.71,Water Year
SQ3,high,2373.170732,36.72109,-118.84933,recent,2019,52.79083333333333,152.28915833333332,112.90583333333333,1.1933333333333334,12.528333333333334,6.860833333333334,11.335,6.79913257613637,32.760000000000005,1354.8700000000001,111.82496466729457,-3.8050000000000006,17.630000000000003,0,404.85,Water Year
SQ3,high,2373.170732,36.72109,-118.84933,recent,2020,65.30583333333334,38.30083333333333,54.6825,2.3191666666666673,14.1175,8.218333333333334,11.798333333333334,7.301490300346951,32.59,656.1899999999999,118.18953066300895,-0.25,13.1375,7.91,127.35,Water Year
SQ3,high,2373.170732,36.72109,-118.84933,recent,2021,73.465,18.574166666666663,30.589166666666667,2.8500000000000005,15.139166666666666,8.994583333333333,12.289166666666667,7.567643279820083,32.61,367.07,138.43920603653683,0.29000000000000004,12.885,6.5,82.94,Water Year
SQ3,high,2373.170732,36.72109,-118.84933,recent,2022,69.51916666666666,71.93833333333333,58.53000000000001,2.4533333333333336,13.95,8.201666666666666,11.496666666666666,6.406233233533122,29.779999999999998,702.3599999999999,189.88512589521721,0.44499999999999984,3.1550000000000002,14.87,399.66,Water Year
SQ3,high,2373.170732,36.72109,-118.84933,recent,2023,52.09166666666667,571.1616166666666,171.25999166666668,0.1299999999999995,11.250833333333333,5.690416666666667,11.120833333333334,7.501106723899702,33,2055.1199,131.05337850873815,-3.5899999999999994,11.295,4.18,614.2199,Water Year
SQ3,high,2373.170732,36.72109,-118.84933,recent,2024,59.814166666666665,88.45833333333334,71.37916666666666,2.3925,13.090833333333334,7.741666666666667,10.698333333333334,7.299510672682523,30.78,856.55,125.9222429565041,-0.7749999999999999,14.91,1.93,284.34,Water Year
SQ3,high,2373.170732,36.72109,-118.84933,recent,2025,59.924166762034105,30.87250052134194,75.4516667548815,1.5466666412353514,13.389166762034103,7.467916701634726,11.84250012079875,5.9681463831446395,27.98000001907349,905.420001058578,125.89257511188113,0.40499997138977006,13.335000038146974,19.2900009155273,316.989990234375,Water Year
TM2,low,379.1526973,39.59255,-121.55072,historic,1965,58.472500000000004,0,111.77333333333333,8.620833333333334,22.1675,15.394166666666667,13.546666666666667,6.314764385345208,31.410000000000004,1341.2800000000002,127.19110449498673,8.655000000000001,24.89,0,288.53,Water Year
TM2,low,379.1526973,39.59255,-121.55072,historic,1966,70.49000000000001,0,65.1425,8.670833333333334,23.284166666666668,15.9775,14.613333333333333,7.285331308370764,34.919999999999995,781.71,127.81144123723143,11.305,26.174999999999997,0.02,128.15,Water Year
TM2,low,379.1526973,39.59255,-121.55072,historic,1967,34.89083333333334,0,120.66916666666667,8.818333333333333,22.613333333333333,15.715833333333332,13.795,7.7693564239532895,34.78,1448.0299999999997,114.18848709096898,7.76,22.2875,0.36,200.03,Water Year
TM2,low,379.1526973,39.59255,-121.55072,historic,1968,67.83583333333334,0,73.93666666666667,8.081666666666667,23.5275,15.804583333333333,15.445833333333335,6.3797497308897535,34.68,887.2400000000001,105.85187432039,6.205,25.23,0,241.75,Water Year
TM2,low,379.1526973,39.59255,-121.55072,historic,1969,53.67166666666667,8.161666666666665,122.1675,8.000833333333333,21.965,14.982916666666666,13.964166666666667,7.589083205599683,34.63,1466.0100000000002,122.00546879373294,5.755,24.16,0.18,263.4,Water Year
TM2,low,379.1526973,39.59255,-121.55072,historic,1970,61.5925,0,107.90415833333334,8.560833333333333,23.281666666666666,15.92125,14.720833333333333,6.254378148363534,31.369999999999997,1294.8499000000002,153.17379752930503,8.81,23.974999999999998,0,517.8499,Water Year
TM2,low,379.1526973,39.59255,-121.55072,historic,1971,67.445,0,91.22166666666668,7.984999999999999,21.919166666666666,14.952083333333334,13.934166666666666,7.0330529573944744,33.67,1094.6599999999999,123.38340259247745,6.085,25.895000000000003,0.08,315.16,Water Year
TM2,low,379.1526973,39.59255,-121.55072,historic,1972,67.91833333333334,0.32333333333333336,57.799166666666665,8.038333333333334,22.451666666666668,15.245000000000001,14.413333333333332,6.98551943796464,34.43,693.59,99.7468135057987,4.9799999999999995,25.354999999999997,0,199.02,Water Year
TM2,low,379.1526973,39.59255,-121.55072,historic,1973,56.64833333333333,4.935,110.03333333333332,8.424999999999999,21.726666666666667,15.075833333333334,13.301666666666668,7.514322334816039,34.82,1320.4,115.90538011608112,5.83,25.445,0,153.17,Water Year
TM2,low,379.1526973,39.59255,-121.55072,historic,1974,36.16583333333334,0,133.23666666666668,8.655,21.915,15.285,13.26,7.047793013677144,31.35,1598.84,108.91478657796797,9.195,23.849999999999998,0.11,224.15,Water Year
TM2,low,379.1526973,39.59255,-121.55072,historic,1975,43.469166666666666,0,87.5725,8.15,21.7325,14.94125,13.5825,7.04487761200873,30.89,1050.8700000000001,124.16418698289375,7.855,23.53,5.94,122.41,Water Year
TM2,low,379.1526973,39.59255,-121.55072,historic,1976,56.925,0,45.600833333333334,7.790000000000001,22.054166666666667,14.922083333333333,14.264166666666666,6.269649279133031,32.93,547.21,86.29122730448734,14.895,19,0.05,21.71,Water Year
TM2,low,379.1526973,39.59255,-121.55072,historic,1977,63.15416666666667,0,32.155833333333334,8.723333333333333,23.268333333333334,15.995833333333334,14.545000000000002,6.657533611471954,33.17,385.87,87.71310570906712,6.23,24.065,2.04,74.17,Water Year
TM2,low,379.1526973,39.59255,-121.55072,historic,1978,33.18416666666667,0,123.51750000000001,9.54,22.3875,15.963750000000001,12.8475,6.074799706761757,28.96,1482.21,108.19425312149794,8.925,24.810000000000002,5.41,425.86,Water Year
TM2,low,379.1526973,39.59255,-121.55072,historic,1979,49.73833333333333,0,76.84833333333333,8.2283333333333335,22.3775,15.302916666666667,14.149166666666666,7.1822430841414,32.91,922.1800000000001,114.93297590122003,7.755000000000001,19.580000000000002,3.14,55.87,Water Year
TM2,low,379.1526973,39.59255,-121.55072,historic,1980,37.85666666666667,0,107.17,8.848333333333333,22.070833333333333,15.459583333333335,13.2225,5.8802668686862924,30.31,1286.0400000000002,102.25773329554643,10.469999999999999,23.57,8.92,294.88,Water Year
TM2,low,379.1526973,39.59255,-121.55072,historic,1981,67.8375,0,69.43166666666666,9.423333333333334,23.746666666666666,16.585,14.323333333333332,6.458094286876107,30.71,833.18,115.86352783101509,8.57,25.072499999999998,0,235.89,Water Year
TM2,low,379.1526973,39.59255,-121.55072,historic,1982,17.630000000000003,0.24833333333333332,145.37083333333334,8.663333333333332,21.206666666666667,14.935,12.543333333333333,6.382184721408636,31.74,1744.4499999999998,90.03551794601862,12.14,24.03,1.23,200.65,Water Year
TM2,low,379.1526973,39.59255,-121.55072,historic,1983,19.543333333333333,0,155.37,8.435,21.20583333333333,14.820416666666667,12.770833333333332,6.471167682438961,30.269999999999996,1864.4399999999996,91.59134787364596,9.875,24.36,2.32,190.19,Water Year
TM2,low,379.1526973,39.59255,-121.55072,historic,1984,61.30333333333333,0,103.75916666666667,9.114166666666668,22.979166666666668,16.046666666666667,13.865,6.910287565827073,33.309999999999995,1245.1100000000001,141.16177600327262,7.895,26.68,0.01,442.3,Water Year
TM2,low,379.1526973,39.59255,-121.55072,historic,1985,62.815,0,68.24333333333334,7.979166666666667,21.595833333333335,14.7875,13.616666666666667,6.986354069313848,33.73,818.9200000000001,121.47972774554938,9.105,25.955,0.68,35.01,Water Year
TM2,low,379.1526973,39.59255,-121.55072,historic,1986,49.95,0,125.1825,8.708333333333334,22.080000000000002,15.394166666666667,13.371666666666668,6.040815655843074,31.980000000000004,1502.19,115.92938521546398,10.53,23.745,0.5,94.94,Water Year
TM2,low,379.1526973,39.59255,-121.55072,historic,1987,58.608333333333334,0,56.28583333333333,8.411666666666667,23.204166666666666,15.807916666666667,14.7925,6.417493654894102,32.660000000000004,675.43,132.52607168108767,10.395,23.0775,0,153.17,Water Year
TM2,low,379.1526973,39.59255,-121.55072,historic,1988,59.98583333333333,0,74.0125,8.840833333333334,23.319166666666668,16.08,14.478333333333333,6.592489873126293,33,888.1500000000001,132.0647144589179,6.96,23.214999999999996,0.36,329.77,Water Year
TM2,low,379.1526973,39.59255,-121.55072,historic,1989,60.695,0,93.67916666666666,8.398333333333333,22.405,15.401666666666666,14.006666666666666,6.608024850455878,32.81,1124.1499999999999,132.3724399450955,10.83,24.865,0,70.58,Water Year
TM2,low,379.1526973,39.59255,-121.55072,historic,1990,55.29666666666667,0,68.64833333333334,8.430833333333334,22.886666666666667,15.65875,14.455833333333333,6.450905195467462,33.52,823.7800000000001,109.31240689752302,7.33,8.355,0.23,125.79,Water Year
TM2,low,379.1526973,39.59255,-121.55072,historic,1991,58.31,0,70.57666666666667,7.920833333333333,22.436666666666667,15.178749999999999,14.515833333333333,6.894800453635663,34.94,846.92,188.79678207183235,7.6499999999999995,24.165,0.36,51.62,Water Year
TM2,low,379.1526973,39.59255,-121.55072,historic,1992,58.125,0,73.31583333333333,9.6125,23.835,16.723750000000003,14.2225,6.604501951148722,33.760000000000005,879.79,118.22844219559956,10.955,25.740000000000002,0.02,87.79,Water Year
TM2,low,379.1526973,39.59255,-121.55072,historic,1993,28.134166666666665,0,123.7775,8.973333333333334,22.006666666666668,15.49,13.033333333333333,6.517715369388543,30.54,1485.33,112.71814649797581,6.715,23.1675,0,276.79,Water Year
TM2,low,379.1526973,39.59255,-121.55072,historic,1994,69.65083333333334,0,61.444166666666675,8.669166666666667,23.183333333333334,15.92625,14.514166666666666,6.5311432679404335,32.730000000000004,737.33,105.78833175123204,7.81,24.980000000000004,0,162.25,Water Year
TM2,low,379.1526973,39.59255,-121.55072,recent,1995,31.815,0,162.01999166666667,8.413333333333334,21.2225,14.817916666666665,12.809166666666666,6.659319327192168,32.11,1944.2399000000003,124.68954242293493,8.34,23.61,0,238.34,Water Year
TM2,low,379.1526973,39.59255,-121.55072,recent,1996,34.660833333333336,0,106.19666666666666,9.705,23.608333333333334,16.656666666666666,13.903333333333332,6.328407574124981,31.820000000000004,1274.3600000000001,113.2164568563065,9.379999999999999,25.955,0.99,243.8,Water Year
TM2,low,379.1526973,39.59255,-121.55072,recent,1997,41.06583333333333,0,111.46916666666667,9.5375,23.265833333333333,16.401666666666667,13.728333333333333,6.174345137647221,30.200000000000003,1337.6300000000003,150.5357411709396,8.65,25.135,4.07,426.35,Water Year
TM2,low,379.1526973,39.59255,-121.55072,recent,1998,28.251666666666665,0,156.93083333333334,9.3725,21.078333333333333,15.225416666666666,11.705833333333333,6.596040636877044,31.519999999999996,1883.1699999999998,103.8219964995438,8,25.794999999999998,0,492.31,Water Year
TM2,low,379.1526973,39.59255,-121.55072,recent,1999,68.07166666666667,0,86.76666666666667,8.2375,21.356666666666666,14.797083333333333,13.119166666666667,6.702705511526105,30.88,1041.1999999999998,115.16505977469285,7.64,23.305,2.21,105.32,Water Year
TM2,low,379.1526973,39.59255,-121.55072,recent,2000,61.71666666666667,0,95.59833333333334,9.658333333333333,22.965,16.311666666666667,13.306666666666667,6.132796089777312,30.310000000000002,1147.1800000000003,133.41674837613164,9.355,24.072499999999998,0,253.91,Water Year
TM2,low,379.1526973,39.59255,-121.55072,recent,2001,69.39750000000001,0,65.46000000000001,9.220833333333333,22.6775,15.949166666666667,13.456666666666667,7.065870220269897,31.83,785.52,108.52678232595991,7.87,25.145,0,154.54,Water Year
TM2,low,379.1526973,39.59255,-121.55072,recent,2002,69.56416666666667,0,86.665,9.556666666666667,22.837500000000002,16.197083333333335,13.280833333333334,6.800413576438279,31.89,1039.9799999999998,122.44433898709265,7.715,23.41166666666667,0.08,146,Water Year
TM2,low,379.1526973,39.59255,-121.55072,recent,2003,53.94916666666667,0,108.55000000000001,9.715833333333334,22.808333333333334,16.262083333333333,13.0925,6.758265464106403,32.19,1302.6000000000001,136.7264696233719,8.6,24.045,0.17,525.09,Water Year
TM2,low,379.1526973,39.59255,-121.55072,recent,2004,69.84416666666667,0,83.89833333333334,9.763333333333334,23.15083333333333,16.457083333333333,13.3875,6.808008472090837,30.599999999999998,1006.7800000000001,146.898064414343,8.105,24.85,0.01,138.08,Water Year
TM2,low,379.1526973,39.59255,-121.55072,recent,2005,41.458333333333336,0,102.7725,9.5975,22.170833333333334,15.884166666666667,12.573333333333332,6.615307260552238,32.11,1233.27,80.37823028814549,8.72,26.947499999999998,0,196.25,Water Year
TM2,low,379.1526973,39.59255,-121.55072,recent,2006,52.58,0,143.53833333333333,9.960833333333333,22.765,16.362916666666667,12.804166666666667,7.087237716273506,32.67,1722.46,118.16314089145246,9.015,23.535,0.04,349.19,Water Year
TM2,low,379.1526973,39.59255,-121.55072,recent,2007,57.843333333333334,0,67.72333333333333,9.3925,23.049166666666665,16.22083333333333,13.656666666666666,6.486701022208064,32.68,812.6800000000001,138.02522833545734,9.58,25.439999999999998,10.94,12.59,Water Year
TM2,low,379.1526973,39.59255,-121.55072,recent,2008,70.0425,0,63.248333333333335,9.323333333333334,22.83416666666667,16.07875,13.510833333333334,7.083294086344035,32.14,758.98,138.73635953648287,6.539999999999999,23.425,0.13,259.38,Water Year
TM2,low,379.1526973,39.59255,-121.55072,recent,2009,57.445,0,80.48166666666665,9.758333333333333,23.005833333333335,16.382083333333334,13.2475,6.815127711180251,32.79,965.78,107.41124613164959,8.905,26.115000000000002,0,132.33,Water Year
TM2,low,379.1526973,39.59255,-121.55072,recent,2010,55.61666666666667,0,93.925,8.969999999999999,21.276666666666664,15.123333333333333,12.306666666666667,6.539535823579437,31.39,1127.1,105.7117440897128,8.325,25.475,0,144.93,Water Year
TM2,low,379.1526973,39.59255,-121.55072,recent,2011,32.46583333333333,0,127.08083333333335,9.281666666666666,21.249166666666667,15.265416666666667,11.967500000000001,6.672600848494785,30.529999999999998,1524.97,102.27199384749932,9.365,24.5475,0,61.03,Water Year
TM2,low,379.1526973,39.59255,-121.55072,recent,2012,60.295,0,74.62083333333334,9.444166666666666,22.735,16.089583333333334,13.290833333333333,6.839867907527473,32.900000000000006,895.45,134.45210761368463,9.6,24.095,0.09,6.91,Water Year
TM2,low,379.1526973,39.59255,-121.55072,recent,2013,56.78333333333333,0,79.67416666666666,9.951666666666666,22.97416666666667,16.462916666666665,13.0225,6.600358963493553,33.160000000000004,956.09,148.84909974119387,7.545,26.675,0,29.54,Water Year
TM2,low,379.1526973,39.59255,-121.55072,recent,2014,61.225833333333334,0,59.80499999999999,10.523333333333333,24.1775,17.350416666666668,13.654166666666667,6.213894788855834,32.92,717.66,160.55905954530286,10.715,23.235,0.41,12.51,Water Year
TM2,low,379.1526973,39.59255,-121.55072,recent,2015,65.13083333333333,0,65.43583333333333,11.170833333333334,24.135,17.652916666666666,12.964166666666667,5.85193575522949,28.200000000000003,785.2300000000002,170.06609098313066,10.045,25.1,1.52,395.43,Water Year
TM2,low,379.1526973,39.59255,-121.55072,recent,2016,67.7175,0,99.91666666666667,10.580833333333333,23.223333333333333,16.902083333333334,12.6425,6.749572194636195,30.78,1198.9999999999998,138.84838405108573,8.595,25.6125,0,215.53,Water Year
TM2,low,379.1526973,39.59255,-121.55072,recent,2017,37.792500000000004,0,155.79333333333335,10.666666666666668,22.6425,16.654583333333335,11.975833333333332,7.459326212056877,33.13999999999999,1869.52,105.27916705632143,7.18,27.585,0,438.86,Water Year
TM2,low,379.1526973,39.59255,-121.55072,recent,2018,61.42416666666667,0,78.83000000000001,10.138333333333334,23.418333333333333,16.778333333333332,13.28,6.7086055092536085,32.589999999999996,945.9599999999999,138.03025280755102,10.15,25.346666666666664,0,12.25,Water Year
TM2,low,379.1526973,39.59255,-121.55072,recent,2019,41.888333333333335,0,127.23833333333333,10.425833333333333,22.4775,16.451666666666668,12.051666666666668,6.805214689464027,31.03,1526.86,116.89167372348446,6.8,25.795,0,509.26,Water Year
TM2,low,379.1526973,39.59255,-121.55072,recent,2020,67.90833333333333,0,52.64083333333333,10.785833333333333,23.66,17.222916666666666,12.874166666666667,6.755973605340729,30.09,631.6899999999999,138.834776639652,9.14,21.03,0.42,108.61,Water Year
TM2,low,379.1526973,39.59255,-121.55072,recent,2021,72.7925,0,43.56916666666667,10.782499999999999,24.636666666666667,17.709583333333335,13.854166666666668,7.306861488396099,32.53,522.8299999999999,117.93287842032,9.325,25.451666666666668,0,135.71,Water Year
TM2,low,379.1526973,39.59255,-121.55072,recent,2022,57.59916666666667,0,74.69666666666667,10.704166666666666,23.8075,17.255833333333335,13.103333333333333,6.827309410586193,31.86,896.3600000000001,138.10675427177918,7.51,27.009999999999998,0,301.88,Water Year
TM2,low,379.1526973,39.59255,-121.55072,recent,2023,56.5175,0,115.2775,9.934166666666666,21.914166666666667,15.924166666666668,11.98,7.5394633982355375,33.22,1383.33,129.94500027894958,8.45,20.48,0.02,348.16,Water Year
TM2,low,379.1526973,39.59255,-121.55072,recent,2024,65.63,0,84.25166666666667,11.658333333333333,22.836666666666666,17.2475,11.178333333333333,7.034269523360099,31.04,1011.0200000000001,115.60513836400179,8.935,24.32,0.03,260.72,Water Year
TM2,low,379.1526973,39.59255,-121.55072,recent,2025,64.30416669925049,0,98.52583457944908,11.24166678587597,22.51666655222575,16.87916666905086,11.274999766349781,6.66399349621264,28.830000400543234,1182.310014953389,131.92662415811625,10.645,23.4049997329712,1.26999998092651,309.920013427734,Water Year
UCD_Garden,Low,16,38.53250,-121.78299,historic,1965,79.45916666666666,0,41.039166666666674,8.3475,22.545833333333334,15.446666666666667,14.198333333333332,5.637735011563248,30,492.46999999999997,112.76787499402577,9.905000000000001,19.2975,12.48,104.15,Water Year
UCD_Garden,Low,16,38.53250,-121.78299,historic,1966,81.0325,0,26.078333333333333,8.211666666666666,23.699166666666667,15.955416666666666,15.4875,6.6322649560289495,33.870000000000005,312.93999999999994,127.54757368417339,12.379999999999999,24.455000000000002,0.92,74.15,Water Year
UCD_Garden,Low,16,38.53250,-121.78299,historic,1967,80.0325,0,59.36083333333334,8.398333333333333,23.0025,15.700416666666667,14.604166666666668,6.97621167655201,34.08,712.3299999999999,119.63916172255422,7.685,22.895,0,213.48,Water Year
UCD_Garden,Low,16,38.53250,-121.78299,historic,1968,81.27666666666667,0,26.881666666666668,8.600833333333334,24.245833333333334,16.423333333333332,15.645,6.201538787537601,33.86,322.58,128.41897027169694,6.17,23.305,0,116.96,Water Year
UCD_Garden,Low,16,38.53250,-121.78299,historic,1969,80.68,0,54.325833333333335,8.446666666666667,23.036666666666665,15.741666666666665,14.59,6.930044055131296,34.3,651.91,136.19536141030713,6.5,24.7575,0,232.39,Water Year
UCD_Garden,Low,16,38.53250,-121.78299,historic,1970,80.8875,0,40.166666666666664,8.5025,24.23,16.36625,15.727500000000001,5.594862548071952,31.37,482,156.11880344269383,9.88,23.814999999999998,0,137.82,Water Year
UCD_Garden,Low,16,38.53250,-121.78299,historic,1971,79.81916666666666,0,36.4875,8.2075,22.886666666666667,15.547083333333333,14.679166666666667,6.257362738963572,31.750000000000004,437.85,147.35613695735194,12.77,24.447499999999998,0,125.11,Water Year
UCD_Garden,Low,16,38.53250,-121.78299,historic,1972,81.00333333333333,0,22.340833333333332,7.8149999999999995,23.484166666666667,15.649583333333332,15.669166666666667,6.5649615585433185,33.75,268.09,135.3081237425542,5.975,24.064999999999998,0,25.98,Water Year
UCD_Garden,Low,16,38.53250,-121.78299,historic,1973,80.68916666666667,0,59.66916666666667,8.544166666666667,22.751666666666665,15.647916666666667,14.2075,6.728069579392852,32.78,716.03,125.04946074866638,7.06,23.400000000000002,0,56.39,Water Year
UCD_Garden,Low,16,38.53250,-121.78299,historic,1974,80.33083333333335,0,47.3975,8.545,23.180833333333332,15.862916666666667,14.635833333333332,6.2561197160472535,31.09,568.7699999999999,104.76234494302926,11.075,22.805,24.52,89.56,Water Year
UCD_Garden,Low,16,38.53250,-121.78299,historic,1975,79.88416666666667,0,38.48416666666667,8.083333333333334,22.894166666666667,15.48875,14.810833333333333,6.452974692834587,31.33,461.81000000000006,139.92180292289262,9.53,21.025,2.45,13.58,Water Year
UCD_Garden,Low,16,38.53250,-121.78299,historic,1976,82.38583333333334,0,16.383333333333333,7.9991666666666665,23.564999999999998,15.782083333333333,15.565833333333332,6.034027924398781,33.29,196.6,93.12789560916808,16.22,22.26,0,9.78,Water Year
UCD_Garden,Low,16,38.53250,-121.78299,historic,1977,86.90833333333333,0,16.6575,7.8758333333333335,23.675,15.775416666666667,15.799166666666666,6.245691044935532,34.36000000000001,199.89,89.00970736200225,10.735000000000001,23.401666666666667,0,37.08,Water Year
UCD_Garden,Low,16,38.53250,-121.78299,historic,1978,81.51583333333333,0,59.4975,9.5725,23.589166666666667,16.580833333333334,14.016666666666666,5.417197293356733,28.439999999999998,713.9699999999999,123.05427660400824,10.18,24.015,0,103.2,Water Year
UCD_Garden,Low,16,38.53250,-121.78299,historic,1979,80.76416666666667,0,37.263333333333335,8.254166666666666,23.395833333333332,15.825,15.141666666666666,6.879606555874861,33.36,447.16,137.4026577282982,7.095000000000001,21.558333333333334,0.56,20.09,Water Year
UCD_Garden,Low,16,38.53250,-121.78299,historic,1980,79.6,0,55.65249999999999,8.5216666666666665,22.7625,15.642083333333334,14.240833333333335,5.380930326090686,30.85,667.8299999999999,118.68297559183257,11.38,21.58,8.18,116.71,Water Year
UCD_Garden,Low,16,38.53250,-121.78299,historic,1981,81.63,0,27.68,8.865,24.368333333333332,16.616666666666667,15.503333333333334,6.253833491014397,31.82,332.16,145.51044920965887,8.425,24.211666666666666,0,66.44,Water Year
UCD_Garden,Low,16,38.53250,-121.78299,historic,1982,79.495,0,73.38250000000001,8.611666666666666,22.311666666666667,15.461666666666666,13.700000000000001,5.792623574753315,31.330000000000002,880.59,89.00072504374752,10.879999999999999,22.8,0.02,157.56,Water Year
UCD_Garden,Low,16,38.53250,-121.78299,historic,1983,79.84583333333333,0,79.90083333333332,8.9783333333333335,22.009166666666665,15.493749999999999,13.030833333333334,6.4373706959652965,30.009999999999998,958.8100000000001,98.48156351566281,11.83,22.560000000000002,1.08,164.48,Water Year
UCD_Garden,Low,16,38.53250,-121.78299,historic,1984,81.90333333333334,0,38.072500000000005,9.446666666666667,24.122500000000002,16.784583333333334,14.675833333333333,6.4294639456791325,32.480000000000004,456.87,163.9409012462871,9.53,25.445,0,9.58,Water Year
UCD_Garden,Low,16,38.53250,-121.78299,historic,1985,80.175,0,34.736666666666665,8.138333333333334,22.671666666666667,15.405,14.533333333333333,6.666371167693451,33.83,416.84000000000003,137.03804839886098,10.57,24.825000000000003,0.01,26.03,Water Year
UCD_Garden,Low,16,38.53250,-121.78299,historic,1986,80.28916666666666,0,61.32333333333333,8.7725,22.9725,15.8725,14.2,5.810109723576656,32.49,735.8800000000001,128.4166465964879,12.03,23.005000000000003,0,79.04,Water Year
UCD_Garden,Low,16,38.53250,-121.78299,historic,1987,81.38416666666666,0,22.874166666666667,8.5216666666666665,24.12666666666667,16.324166666666667,15.605,6.0107025127658495,30.82,274.48999999999995,145.91876164666598,10.455,22.36875,0,57.49,Water Year
UCD_Garden,Low,16,38.53250,-121.78299,historic,1988,81.24333333333334,0,35.219166666666666,8.855,24.200833333333335,16.527916666666666,15.345833333333333,6.144862768766256,32.96,422.63,121.7438151363837,7.945,23.846666666666668,0,121.52,Water Year
UCD_Garden,Low,16,38.53250,-121.78299,historic,1989,80.40833333333333,0,31.6075,8.266666666666667,23.2175,15.742083333333333,14.950833333333334,6.229667457319683,33.21,379.2900000000001,124.65267619564723,12.23,23.900000000000002,0,17.8,Water Year
UCD_Garden,Low,16,38.53250,-121.78299,historic,1990,81.00833333333333,0,29.089166666666667,8.3925,23.890833333333333,16.141666666666666,15.498333333333333,6.639323395611569,34.33,349.07000000000005,122.4771340600784,7.6850000000000005,23.78333333333333,0,0.23,Water Year
UCD_Garden,Low,16,38.53250,-121.78299,historic,1991,80.21583333333334,0,31.3025,7.908333333333333,23.593333333333334,15.750833333333334,15.684999999999999,6.428985793523994,35.98,375.63,195.41247916879234,10.15,24.63,0,32.75,Water Year
UCD_Garden,Low,16,38.53250,-121.78299,historic,1992,82.63666666666667,0,37.45916666666667,9.698333333333332,24.7275,17.212916666666665,15.029166666666667,6.438042636735505,33.019999999999996,449.50999999999993,158.80070320203214,12.13,23.90833333333333,0,47.48,Water Year
UCD_Garden,Low,16,38.53250,-121.78299,historic,1993,80.935,0,64.72666666666666,9.153333333333332,23.325833333333335,16.239583333333332,14.1725,6.335745080075189,30.910000000000004,776.72,135.70330828495872,7.01,23.231666666666666,0,166.73,Water Year
UCD_Garden,Low,16,38.53250,-121.78299,historic,1994,80.785,0,26.810833333333335,8.3325,23.881666666666668,16.107083333333335,15.549166666666666,6.130524024143945,31.66,321.73,108.86630156768058,8.975,22.995,0,48.17,Water Year
UCD_Garden,Low,16,38.53250,-121.78299,recent,1995,79.825,0,69.70416666666667,9.045833333333333,22.2575,15.651666666666667,13.211666666666668,6.113868487200872,31.229999999999997,836.45,150.25654141482292,10.155,23.291666666666664,0,76.08,Water Year
UCD_Garden,Low,16,38.53250,-121.78299,recent,1996,81.7375,0,55.50583333333333,9.745833333333334,24.591666666666665,17.16875,14.845833333333333,5.613932799497401,30.359999999999996,666.0699999999999,128.10043660380177,11.809999999999999,22.5925,0,122.6,Water Year
UCD_Garden,Low,16,38.53250,-121.78299,recent,1997,82.18083333333334,0,45.833333333333336,10.003333333333334,24.28666666666667,17.145,14.283333333333333,5.647074866287373,27.759999999999998,550.0000000000001,169.3367630760725,8.95,23.765,0,236.94,Water Year
UCD_Garden,Low,16,38.53250,-121.78299,recent,1998,79.58916666666667,0,68.56666666666666,9.444166666666668,22.09583333333333,15.77,12.651666666666666,5.819902373439235,30.909999999999997,822.8,129.37874086781719,9.535,24.21,0,57.96,Water Year
UCD_Garden,Low,16,38.53250,-121.78299,recent,1999,79.2625,0,31.075833333333332,7.994166666666667,22.155833333333334,15.075000000000001,14.161666666666667,6.269695149903803,31.259999999999998,372.90999999999997,114.75190334290632,8.73,22.707500000000003,0,31.4,Water Year
UCD_Garden,Low,16,38.53250,-121.78299,recent,2000,81.0175,0,41.270833333333336,9.206666666666667,23.8475,16.527083333333334,14.640833333333333,5.5428797316644864,31.25,495.24999999999994,146.2807711832746,10.455,22.7925,0,4.53,Water Year
UCD_Garden,Low,16,38.53250,-121.78299,recent,2001,80.91250000000001,0,33.427499999999995,8.589166666666666,23.509166666666665,16.049166666666668,14.92,6.5184168578983455,31.77,401.13000000000005,125.61266408695563,9.23,23.043333333333333,0,81.91,Water Year
UCD_Garden,Low,16,38.53250,-121.78299,recent,2002,80.98083333333334,0,35.74583333333334,8.984166666666667,23.685833333333335,16.335,14.701666666666666,6.015261272947185,31.15,428.94999999999993,148.27736753302136,8.97,23.05875,0,63.39,Water Year
UCD_Garden,Low,16,38.53250,-121.78299,recent,2003,80.82083333333334,0,49.170833333333334,9.205,23.607499999999998,16.40625,14.4025,6.089483902971208,31.83,590.0500000000001,133.6755946491162,9.29,19.805,0.88,240.1,Water Year
UCD_Garden,Low,16,38.53250,-121.78299,recent,2004,81.65666666666667,0,36.7175,9.295833333333333,23.870833333333334,16.583333333333332,14.575,6.061070387516073,29.09,440.60999999999996,159.91182521682495,10.004999999999999,22.306666666666665,0,60.99,Water Year
UCD_Garden,Low,16,38.53250,-121.78299,recent,2005,80.30250000000001,0,48.63916666666667,9.119166666666667,22.6675,15.893333333333333,13.548333333333334,6.114385917777448,32.13,583.67,91.76360603453871,6.955,25.082500000000003,0,126.04,Water Year
UCD_Garden,Low,16,38.53250,-121.78299,recent,2006,81.07333333333334,0,57.943333333333335,9.34,23.59583333333333,16.467916666666667,14.255833333333333,6.199064613579481,31.9,695.3199999999999,133.9206176412978,9.555,23.53875,0,79.57,Water Year
UCD_Garden,Low,16,38.53250,-121.78299,recent,2007,81.38833333333334,0,21.69833333333333,8.574166666666667,23.815833333333334,16.195,15.241666666666667,5.969769677299118,33.7,260.38,135.02262255782577,10.525,23.07,0,0.38,Water Year
UCD_Garden,Low,16,38.53250,-121.78299,recent,2008,81.3125,0,35.49333333333333,8.593333333333334,23.65,16.121666666666666,15.056666666666667,6.346741588238707,31.65,425.92,179.21036084899032,7.205,23.36,0,222.64,Water Year
UCD_Garden,Low,16,38.53250,-121.78299,recent,2009,81.44833333333334,0,33.605,8.928333333333333,24.03333333333333,16.480833333333333,15.105,6.327589959610981,32.49,403.25999999999993,126.43022935177096,9.99,23.987499999999997,0,49.53,Water Year
UCD_Garden,Low,16,38.53250,-121.78299,recent,2010,79.13916666666667,0,46.61416666666667,8.483333333333333,22.240833333333335,15.362083333333333,13.7575,5.712315427029462,30.31,559.37,109.83616832093007,8.540000000000001,21.9625,0.36,58.64,Water Year
UCD_Garden,Low,16,38.53250,-121.78299,recent,2011,79.46000000000001,0,53.1275,8.750833333333333,22.3175,15.534166666666668,13.566666666666666,5.951533352206323,30.550000000000004,637.53,111.0893198187861,11.105,23.035,0.48,42.32,Water Year
UCD_Garden,Low,16,38.53250,-121.78299,recent,2012,80.51416666666667,0,28.024166666666666,8.2925,23.66583333333333,15.979166666666666,15.373333333333333,6.0424238188048855,33.879999999999995,336.28999999999996,126.73204620209671,11.209999999999999,23.068333333333335,0,6.86,Water Year
UCD_Garden,Low,16,38.53250,-121.78299,recent,2013,81.43583333333333,0,35.505833333333335,8.993333333333334,24.020833333333332,16.507083333333334,15.0275,6.122201571602599,33.589999999999996,426.06999999999994,157.2391578348722,8.495000000000001,23.675,0,20.13,Water Year
UCD_Garden,Low,16,38.53250,-121.78299,recent,2014,82.41166666666666,0,21.622500000000002,9.125833333333333,25.014166666666668,17.07,15.888333333333332,5.771328033713495,34.239999999999995,259.47,151.38129532737855,11.704999999999998,19.847499999999997,0.02,9.39,Water Year
UCD_Garden,Low,16,38.53250,-121.78299,recent,2015,82.4875,0,32.21083333333333,10.1325,24.919166666666666,17.52583333333333,14.786666666666667,5.3964945833271045,29.980000000000004,386.53000000000003,196.62338927988532,11.41,24.69,0,0.46,Water Year
UCD_Garden,Low,16,38.53250,-121.78299,recent,2016,82.00666666666666,0,35.986666666666665,9.611666666666668,24.346666666666668,16.979166666666668,14.735,5.876339241295373,30.75,431.84000000000003,146.42867362520673,9.5,23.17375,0,43.52,Water Year
UCD_Garden,Low,16,38.53250,-121.78299,recent,2017,81.605,0,73.4275,9.788333333333334,23.525833333333335,16.657083333333333,13.7375,6.376156386503668,32.97,881.1300000000001,132.64083969219408,8.01,24.243333333333332,0,83.82,Water Year
UCD_Garden,Low,16,38.53250,-121.78299,recent,2018,80.91416666666666,0,28.275,8.638333333333334,24.0675,16.352916666666665,15.429166666666667,5.822138570824194,33.77,339.3,150.06449635554245,11.275,22.186666666666667,0.45,1.26,Water Year
UCD_Garden,Low,16,38.53250,-121.78299,recent,2019,81.2725,0,61.758333333333326,9.620000000000001,23.710833333333333,16.665416666666665,14.090833333333332,6.069417921144923,29.84,741.0999999999999,125.49518742914947,8.594999999999999,24.133333333333333,0,246.65,Water Year
UCD_Garden,Low,16,38.53250,-121.78299,recent,2020,82.01416666666667,0,23.345,9.466666666666667,24.72833333333333,17.0975,15.261666666666667,6.032624372375742,30.779999999999998,280.14,186.02789860635613,9.809999999999999,19.205,1.31,32.94,Water Year
UCD_Garden,Low,16,38.53250,-121.78299,recent,2021,84.74083333333333,0,14.057500000000001,8.986666666666666,25.384166666666665,17.185416666666665,16.3975,6.251488353087437,32.66,168.69,143.72070591118532,9.49,22.715,0,34.36,Water Year
UCD_Garden,Low,16,38.53250,-121.78299,recent,2022,82.23,0,37.18333333333334,9.2908333333333335,24.464166666666667,16.877499999999998,15.173333333333332,6.236339070320023,31.99,446.19999999999993,167.66165809661433,7.85,24,0.01,188.11,Water Year
UCD_Garden,Low,16,38.53250,-121.78299,recent,2023,80.01083333333334,0,58.9225,8.474166666666667,22.643333333333334,15.55875,14.169166666666667,6.382760917645136,32.01,707.07,149.06136079274287,9.305,21.9275,0.16,160.62,Water Year
UCD_Garden,Low,16,38.53250,-121.78299,recent,2024,81.94,0,39.704166666666666,9.909166666666666,24.316666666666666,17.112916666666667,14.4075,5.909174861000374,31.220000000000002,476.45,126.77949008014099,10.850000000000001,24.261666666666667,0,85.46,Water Year
UCD_Garden,Low,16,38.53250,-121.78299,recent,2025,81.70916774749749,0,33.85499997635681,9.439999970595048,24.05333354314169,16.746666756868372,14.613333572546642,6.013294899588739,31.9100000858307,406.25999971628175,151.06910781477015,10.51999998092652,23.173333485921233,0,7.38000011444092,Water Year
WL1,mid,1613.837245,38.78608,-120.2143,historic,1965,54.413333333333334,184.95583333333335,138.37583333333333,2.315,15.631666666666666,8.973333333333333,13.316666666666666,6.1510089096066665,30.48,1660.51,138.40740398335294,2.355,18.51,3.3,682.33,Water Year
WL1,mid,1613.837245,38.78608,-120.2143,historic,1966,61.964166666666664,46.161666666666676,68.59666666666668,2.5441666666666674,17.293333333333333,9.91875,14.749166666666667,7.2080119958153634,35.69,823.1600000000002,117.73376768172562,5.2700000000000005,20.11,0,101.01,Water Year
WL1,mid,1613.837245,38.78608,-120.2143,historic,1967,47.535,91.52000000000001,137.96,2.6383333333333336,16.173333333333332,9.405833333333334,13.535,7.1496569635871134,34.01,1655.5200000000004,101.17571025033804,3.1950000000000003,20.085,8.4,316.42,Water Year
WL1,mid,1613.837245,38.78608,-120.2143,historic,1968,58.5075,43.964166666666664,74.28833333333333,3.0383333333333336,16.84,9.939166666666667,13.801666666666666,6.371729404648365,33.43,891.4599999999999,91.26681919381026,2.06,20.305,0,147.94,Water Year
WL1,mid,1613.837245,38.78608,-120.2143,historic,1969,59.1425,257.41414166666664,141.61332499999997,2.4091666666666667,15.689166666666667,9.049166666666666,13.28,7.332171275008557,33.94,1699.3598999999997,130.57176255182685,1.9649999999999999,19.075000000000003,0.78,317.76,Water Year
WL1,mid,1613.837245,38.78608,-120.2143,historic,1970,57.14,80.11333333333333,110.73249166666668,2.9825000000000004,16.64,9.81125,13.6575,6.402980529338732,31.54,1328.7899,134.84462463233328,3.0100000000000002,18.316666666666666,0,521.3599,Water Year
WL1,mid,1613.837245,38.78608,-120.2143,historic,1971,55.30583333333333,117.44583333333333,107.13166666666666,2.255,15.48,8.8675,13.225,6.814548774497105,33.03,1285.58,108.47658814409195,-0.22999999999999998,19.474999999999998,0.82,356.95,Water Year
WL1,mid,1613.837245,38.78608,-120.2143,historic,1972,59.155833333333334,88.50166666666667,80.0625,2.1308333333333334,16.323333333333334,9.227083333333333,14.1925,6.7983007430110245,35.04,960.7499999999999,106.80844170863475,-1.315,19.7,0,299.57,Water Year
WL1,mid,1613.837245,38.78608,-120.2143,historic,1973,56.34166666666666,152.87415833333336,107.73333333333333,2.1358333333333333,15.626666666666665,8.88125,13.490833333333333,7.292054868454121,33.63,1292.7999999999997,108.68530561615034,0.585,19.285,1.99,167.42,Water Year
WL1,mid,1613.837245,38.78608,-120.2143,historic,1974,53.02583333333333,129.73666666666668,136.98916666666665,2.476666666666667,16.34916666666667,9.412916666666666,13.8725,6.893476975417127,31.49,1643.87,93.49021504532811,3.16,17.97,2.22,215.81,Water Year
WL1,mid,1613.837245,38.78608,-120.2143,historic,1975,53.9175,81.905,106.065,2.021666666666667,15.835833333333333,8.92875,13.814166666666665,6.9303535673284244,31.1,1272.78,102.37484899361199,1.485,18.51,1.91,331.2,Water Year
WL1,mid,1613.837245,38.78608,-120.2143,historic,1976,52.766666666666666,1.281666666666667,58.5,1.9958333333333331,16.285,9.140416666666667,14.289166666666667,5.829855158941981,31.28,702.0000000000001,91.05672146630673,9.22,14.335,6.61,111.29,Water Year
WL1,mid,1613.837245,38.78608,-120.2143,historic,1977,58.87583333333333,0.9408333333333333,39.57333333333333,2.7658333333333336,17.752499999999998,10.259166666666667,14.986666666666665,6.531576043043563,33.54,474.8799999999999,95.6822493427147,6.2,19.77,2.71,70.39,Water Year
WL1,mid,1613.837245,38.78608,-120.2143,historic,1978,56.69166666666667,60.03,138.06,3.1191666666666666,16.586666666666666,9.852916666666667,13.467500000000001,5.846899123130192,30.060000000000002,1656.7200000000003,97.08615840893884,3.26,18.45,0.17,208.1,Water Year
WL1,mid,1613.837245,38.78608,-120.2143,historic,1979,52.0675,98.76750000000001,89.765,2.2441666666666666,16.406666666666666,9.325416666666666,14.1625,7.312611602359973,32.78,1077.18,109.22657029972888,0.9149999999999996,14.95,12.61,262.48,Water Year
WL1,mid,1613.837245,38.78608,-120.2143,historic,1980,55.18416666666667,57.94166666666667,127.8575,2.7708333333333335,15.953333333333333,9.362083333333333,13.182500000000001,5.848664361254291,30.18,1534.29,111.42865667217596,3.52,17.85,26.6,104.62,Water Year
WL1,mid,1613.837245,38.78608,-120.2143,historic,1981,62.85583333333334,3.0225,68.49666666666667,3.933333333333333,18.185833333333335,11.059583333333334,14.2525,6.406838483687614,32.07,821.9600000000003,108.52758592236688,5.08,20.395,0.09,105.49,Water Year
WL1,mid,1613.837245,38.78608,-120.2143,historic,1982,51.01833333333333,161.69582499999999,186.60666666666665,2.6675000000000004,15.1225,8.895,12.455,6.294209460073023,31.73,2239.28,80.84757914991741,0.3049999999999997,18.995,2.53,402.94,Water Year
WL1,mid,1613.837245,38.78608,-120.2143,historic,1983,48.207499999999996,164.48333333333332,170.5691666666667,2.4825,14.690833333333334,8.586666666666666,12.208333333333334,6.347135120857618,28.770000000000003,2046.83,82.93325611340943,2.7800000000000002,16.47,21.93,256.54,Water Year
WL1,mid,1613.837245,38.78608,-120.2143,historic,1984,54.33916666666667,108.715,122.95165833333333,3.8433333333333333,16.580833333333334,10.212083333333334,12.7375,6.843689680791328,31.8,1475.4198999999996,133.93235499416787,3.9650000000000003,19.485,4.86,377.39,Water Year
WL1,mid,1613.837245,38.78608,-120.2143,historic,1985,58.729166666666664,36.90416666666666,81.1225,2.9725,15.864166666666666,9.418333333333333,12.891666666666666,7.241447097135079,33.03,973.4700000000001,115.76133166931098,3.4299999999999997,21.12,1.37,58.01,Water Year
WL1,mid,1613.837245,38.78608,-120.2143,historic,1986,55.02916666666667,34.51833333333334,147.4049916666667,3.9116666666666666,16.520833333333332,10.21625,12.609166666666667,5.999865197349323,31.049999999999997,1768.8599000000002,129.64649110101382,4,20.81,0.69,233.8,Water Year
WL1,mid,1613.837245,38.78608,-120.2143,historic,1987,62.93333333333334,15.686666666666666,50.68833333333333,4.07,17.5975,10.83375,13.5275,6.4850706609313615,32.13,608.2600000000001,126.65717117675874,3.215,20.175,0.08,143.2,Water Year
WL1,mid,1613.837245,38.78608,-120.2143,historic,1988,62.954166666666666,38.99666666666666,58.357499999999995,4.3725,17.4825,10.9275,13.11,7.18880837893812,33.36,700.2900000000001,103.48316696460819,0.5599999999999998,20.82,3.32,187.15,Water Year
WL1,mid,1613.837245,38.78608,-120.2143,historic,1989,54.950833333333335,26.295,100.31583333333333,3.8391666666666664,16.47833333333333,10.15875,12.639166666666666,6.969428737839149,31.85,1203.79,112.52861643356056,5.109999999999999,20.365,0,112.48,Water Year
WL1,mid,1613.837245,38.78608,-120.2143,historic,1990,51.906666666666666,14.46,72.2425,3.618333333333333,17.0525,10.335416666666667,13.434166666666666,6.2326083326957,33.55,866.9100000000001,82.39648955941192,3.1399999999999997,6.05,11.11,129.83,Water Year
WL1,mid,1613.837245,38.78608,-120.2143,historic,1991,51.774166666666666,28.535833333333333,67.95583333333333,3.48,16.671666666666667,10.075833333333334,13.191666666666666,6.899042368768336,32.5,815.4699999999999,173.98699725475151,0.9500000000000002,20.18,4.64,46.17,Water Year
WL1,mid,1613.837245,38.78608,-120.2143,historic,1992,56.589166666666664,2.105,65.51583333333333,4.998333333333333,17.885833333333334,11.442083333333333,12.8875,6.301973160820107,30.93,786.1899999999999,97.15433983541618,4.37,21.405,2.23,52.23,Water Year
WL1,mid,1613.837245,38.78608,-120.2143,historic,1993,55.19583333333333,203.16665833333334,129.45333333333332,3.165,15.968333333333334,9.566666666666666,12.803333333333333,6.591677719026861,30.76,1553.4399999999998,111.40027423145953,1.0050000000000001,17.3475,0.16,368.88,Water Year
WL1,mid,1613.837245,38.78608,-120.2143,historic,1994,62.92,11.05,59.145833333333336,3.8850000000000002,17.82,10.8525,13.935,7.038367417881146,34.33,709.75,100.80670923608407,1.435,21.58,0,216.21,Water Year
WL1,mid,1613.837245,38.78608,-120.2143,recent,1995,50.365833333333335,191.18165833333333,168.28164999999998,2.7391666666666667,15.4575,9.098333333333333,12.718333333333334,6.660295629984294,32,2019.3798,114.44120660436992,3.51,17.905,0.17,287.37,Water Year
WL1,mid,1613.837245,38.78608,-120.2143,recent,1996,55.73166666666667,60.6375,129.19833333333335,4.441666666666667,17.589166666666667,11.015416666666667,13.147499999999999,6.363198687600348,30.06,1550.3799999999999,109.01662304657133,3.9149999999999996,13.315,0.8,277.49,Water Year
WL1,mid,1613.837245,38.78608,-120.2143,recent,1997,52.736666666666665,114.25333333333334,134.44998333333334,4.118333333333333,17.260833333333334,10.689583333333333,13.1425,6.02106886401007,29.54,1613.3998000000001,152.25844958736957,3.34,19.41,3.67,564.5999,Water Year
WL1,mid,1613.837245,38.78608,-120.2143,recent,1998,46.99166666666667,112.70666666666668,146.10416666666666,3.3666666666666667,15.412500000000001,9.389583333333334,12.045833333333333,6.890244572230475,32.08,1753.25,95.50663978252888,1.1850000000000003,20.155,3.04,453.48,Water Year
WL1,mid,1613.837245,38.78608,-120.2143,recent,1999,53.288333333333334,57.63,111.7525,2.8833333333333333,16.0575,9.470416666666667,13.174166666666666,6.512303550808944,30.66,1341.0300000000002,114.86714306546497,2.04,18.1,5.46,404.85,Water Year
WL1,mid,1613.837245,38.78608,-120.2143,recent,2000,54.5525,46.717499999999994,108.53750000000001,4.4158333333333335,17.986666666666668,11.20125,13.570833333333333,6.186861858736697,29.55,1302.4500000000003,121.22863590223707,3.425,18.52,0.75,380.86,Water Year
WL1,mid,1613.837245,38.78608,-120.2143,recent,2001,62.28333333333333,11.8225,67.56333333333333,4.168333333333333,17.661666666666665,10.915,13.493333333333334,7.160894433721886,33.09,810.7599999999999,94.56267909084272,1.725,21.235,0,181.82,Water Year
WL1,mid,1613.837245,38.78608,-120.2143,recent,2002,59.33,51.218333333333334,90.595,4.3875,17.84916666666667,11.118333333333334,13.461666666666666,7.090371939639292,32.85,1087.1399999999996,106.73418687187197,1.9800000000000002,19.995,6.62,120.34,Water Year
WL1,mid,1613.837245,38.78608,-120.2143,recent,2003,54.590833333333336,27.8825,99.09916666666666,4.558333333333334,17.729166666666668,11.14375,13.170833333333334,7.033728522755068,32.39,1189.19,114.69763166496573,2.46,12.345,3.94,339.03,Water Year
WL1,mid,1613.837245,38.78608,-120.2143,recent,2004,63.343333333333334,49.24583333333333,75.63499999999999,4.264166666666666,17.939166666666665,11.101666666666667,13.675,6.970070213984847,31.759999999999998,907.6199999999999,138.58045411039683,2.82,20.08,2.52,247.94,Water Year
WL1,mid,1613.837245,38.78608,-120.2143,recent,2005,52.83166666666667,15.138333333333332,129.54166666666666,3.6483333333333334,16.47,10.059166666666666,12.821666666666667,6.459148140193853,31.150000000000002,1554.5,74.2778099344184,3.8,21.91,0,281.17,Water Year
WL1,mid,1613.837245,38.78608,-120.2143,recent,2006,59.50666666666666,104.79833333333332,144.98583333333335,4.115833333333333,17.539166666666667,10.8275,13.423333333333332,7.243325297378019,34.63,1739.8300000000004,115.1468910187221,4.4350000000000005,19.415,0.94,327.49,Water Year
WL1,mid,1613.837245,38.78608,-120.2143,recent,2007,63.48833333333333,7.029999999999999,70.94833333333332,4.616666666666666,17.8775,11.247083333333334,13.260833333333334,6.745734833727879,31.9,851.3799999999999,120.58016055087413,3.9600000000000004,21.4,0.65,53.36,Water Year
WL1,mid,1613.837245,38.78608,-120.2143,recent,2008,62.78333333333333,63.655,67.98333333333333,4.160833333333334,17.444166666666668,10.8025,13.283333333333333,7.406311344203181,33.1,815.8,131.76494905657734,1.57,21.505000000000003,0.02,145.95,Water Year
WL1,mid,1613.837245,38.78608,-120.2143,recent,2009,58.894999999999996,10.890833333333333,90.58916666666666,4.571666666666667,17.982499999999998,11.277083333333334,13.410833333333333,6.885127403037696,32.31,1087.0700000000002,88.70150900719241,2.835,21.645,0.46,215.3,Water Year
WL1,mid,1613.837245,38.78608,-120.2143,recent,2010,56.266666666666666,20.925833333333337,96.75833333333333,3.5375,16.267500000000002,9.9025,12.73,6.547960647130039,31.01,1161.1000000000004,84.02864426231548,4.41,20.91,0.02,178.36,Water Year
WL1,mid,1613.837245,38.78608,-120.2143,recent,2011,51.32416666666666,70.31416666666667,152.50416666666666,3.8775000000000004,15.7075,9.7925,11.83,6.884118911074836,31.409999999999997,1830.0500000000002,95.52886541759845,3.1399999999999997,20.115,0,205.99,Water Year
WL1,mid,1613.837245,38.78608,-120.2143,recent,2012,52.7575,0,72.24249999999999,4.645833333333334,17.758333333333333,11.202083333333334,13.1125,6.734399972709094,31.77,866.91,119.4248776466822,4.03,4.41,6.28,52.19,Water Year
WL1,mid,1613.837245,38.78608,-120.2143,recent,2013,58.7625,56.650000000000006,84.60416666666666,4.519166666666667,17.3975,10.958333333333334,12.878333333333334,6.841211127934124,32.58,1015.2499999999999,127.93161545125923,1.735,19.125,1.07,396.15,Water Year
WL1,mid,1613.837245,38.78608,-120.2143,recent,2014,55.7975,4.166666666666666,68.5025,5.288333333333333,18.266666666666666,11.7775,12.978333333333333,6.143846699969595,31.52,822.03,128.3671110620913,4.575,17.105,8.3,35.22,Water Year
WL1,mid,1613.837245,38.78608,-120.2143,recent,2015,58.8925,3.4741666666666666,64.93,5.860833333333334,18.513333333333335,12.187083333333334,12.6525,5.694958878586208,27.990000000000002,779.16,117.63077996239308,3.975,18.15,2.43,235,Water Year
WL1,mid,1613.837245,38.78608,-120.2143,recent,2016,60.53,69.76750000000001,109.28,4.732499999999999,17.254166666666666,10.993333333333334,12.521666666666667,6.907627975102903,32.14,1311.36,110.16875671698607,6.15,20.625,0.32,273.81,Water Year
WL1,mid,1613.837245,38.78608,-120.2143,recent,2017,57.6925,235.47165833333332,204.02749166666666,4.795833333333333,16.505,10.650416666666667,11.709166666666667,7.157550196163912,32.28,2448.3298999999993,115.14040041695235,1.2449999999999999,21.915,0.35,721.53,Water Year
WL1,mid,1613.837245,38.78608,-120.2143,recent,2018,60.80166666666667,8.270833333333332,90.83416666666668,5.2025,17.975833333333334,11.589166666666667,12.773333333333333,6.754101391455461,32.18,1090.01,145.40875636984126,3.28,18.668333333333333,1.69,410.7,Water Year
WL1,mid,1613.837245,38.78608,-120.2143,recent,2019,55.685833333333335,118.21081666666667,139.935,4.325833333333334,16.153333333333332,10.239583333333334,11.8275,6.897525728421927,33.33,1679.22,112.40117387245984,-1.1,20,0,535.77,Water Year
WL1,mid,1613.837245,38.78608,-120.2143,recent,2020,60.920833333333334,11.58,69.62666666666667,5.391666666666667,17.638333333333335,11.514999999999999,12.246666666666666,6.9843122912580435,30.87,835.52,128.28572775373223,3.41,20.215,2.01,258.21,Water Year
WL1,mid,1613.837245,38.78608,-120.2143,recent,2021,65.885,3.059166666666667,51.56333333333333,5.929166666666666,18.549166666666665,12.239166666666666,12.62,7.585845321546191,32.01,618.76,115.04451915077394,4.16,19.345,0.03,99.52,Water Year
WL1,mid,1613.837245,38.78608,-120.2143,recent,2022,56.675000000000004,35.947500000000005,104.78999999999999,5.9,17.07,11.485,11.17,6.761350053462292,29.45,1257.4799999999998,144.7597862533111,3.135,21.39,5.35,467.99,Water Year
WL1,mid,1613.837245,38.78608,-120.2143,recent,2023,50.94083333333333,383.0608083333333,195.52164166666665,4.331666666666667,14.98,9.655833333333334,10.648333333333333,7.755578002413176,32.41,2346.2597,123.0904919699733,2.2,22.225,0.01,544.7199,Water Year
WL1,mid,1613.837245,38.78608,-120.2143,recent,2024,60.564166666666665,44.605000000000004,95.16583333333334,5.833333333333333,16.509999999999998,11.171666666666667,10.676666666666666,7.481468418497113,31.74,1141.9899999999998,110.6546517830526,3.1399999999999997,18.625,2.7,220.55,Water Year
WL1,mid,1613.837245,38.78608,-120.2143,recent,2025,60.074999554951965,21.321666717529332,104.11416733026509,5.712499948342646,16.594166727066042,11.153333337704344,10.881666778723396,6.886983892800734,28.08000004291534,1249.3700079631813,123.5971758362864,3.7349999547004673,19.44499969482425,4.34000015258789,399.200012207031,Water Year
WL2,high,2020.115818,38.8263,-120.25242,historic,1965,47.55166666666667,420.28580833333336,146.14249166666667,0.3566666666666669,12.956666666666667,6.656666666666667,12.6,6.091368085374184,29.37,1753.7099,133.73000744945088,0.08499999999999996,16.15,11.63,703.7499,Water Year
WL2,high,2020.115818,38.8263,-120.25242,historic,1966,54.8625,111.68916666666667,70.61,0.6299999999999998,14.686666666666667,7.658333333333333,14.056666666666667,7.229588298768953,35.25,847.3199999999999,119.4037885964189,3.16,16.075,2.9,99.03,Water Year
WL2,high,2020.115818,38.8263,-120.25242,historic,1967,48.715833333333336,234.63165,143.20916666666665,0.6816666666666665,13.416666666666666,7.0491666666666655,12.735,6.995226889988934,32.85,1718.51,98.46379821787266,0.9449999999999998,10.05,24.97,315.57,Water Year
WL2,high,2020.115818,38.8263,-120.25242,historic,1968,51.17,97.9475,76.5925,1.1900000000000006,14.025833333333333,7.607916666666667,12.835833333333333,6.288416283617092,32.120000000000005,919.11,88.46299532549867,-0.04499999999999993,17.895,1.32,149.54,Water Year
WL2,high,2020.115818,38.8263,-120.25242,historic,1969,48.51833333333333,414.8232916666667,147.17000000000002,0.6950000000000002,12.958333333333334,6.826666666666666,12.263333333333334,7.255177879322192,32.67,1766.0400000000002,128.3137079295605,-0.0950000000000002,16.825,5.52,323.11,Water Year
WL2,high,2020.115818,38.8263,-120.25242,historic,1970,49.348333333333336,211.06830833333333,114.53165833333334,1.168333333333334,13.7875,7.477916666666666,12.619166666666667,6.350644011126794,30.68,1374.3799,132.45002442859655,0.6400000000000001,17.38,0.01,527.4399,Water Year
WL2,high,2020.115818,38.8263,-120.25242,historic,1971,47.821666666666665,205.56999166666668,111.5975,0.36916666666666664,12.716666666666667,6.542916666666667,12.3475,6.720386710441504,32.089999999999996,1339.17,108.40331543192642,-2.455,16.985,7.89,370.99,Water Year
WL2,high,2020.115818,38.8263,-120.25242,historic,1972,50.75416666666666,137.4058333333333,82.94083333333333,0.3475,13.509166666666667,6.928333333333333,13.161666666666667,6.761101757087891,34.03,995.2900000000001,104.40931045172223,-3.5399999999999996,17.575,0.01,304.22,Water Year
WL2,high,2020.115818,38.8263,-120.25242,historic,1973,47.9125,283.0266333333333,110.175,0.3058333333333333,12.955,6.630416666666667,12.649166666666666,7.211095446454636,32.31,1322.1000000000001,102.62239063774553,-1.5199999999999998,16.965,5.9,174.91,Water Year
WL2,high,2020.115818,38.8263,-120.25242,historic,1974,47.65833333333333,316.98081666666667,140.78083333333333,0.566666666666667,13.7925,7.179583333333333,13.225833333333334,6.8428530926047,30.56,1689.3700000000001,95.26291558384065,1.085,15.635,8.61,210.24,Water Year
WL2,high,2020.115818,38.8263,-120.25242,historic,1975,47.14833333333333,196.62499166666666,107.63666666666667,2.960594732333751e-16,13.106666666666666,6.553333333333334,13.106666666666666,6.888807237215682,30.7,1291.6399999999999,99.11354537241962,-0.8300000000000001,16.35,1.96,164.06,Water Year
WL2,high,2020.115818,38.8263,-120.25242,historic,1976,52.079166666666666,9.581666666666669,62.2525,0.2058333333333334,13.605833333333333,6.905833333333334,13.4,5.717017592374117,30.36,747.03,87.59972339467929,6.864999999999999,11.79,18.6,112.12,Water Year
WL2,high,2020.115818,38.8263,-120.25242,historic,1977,52.394999999999996,13.959999999999999,41.26833333333333,0.9300000000000003,14.970833333333333,7.950416666666667,14.040833333333333,6.512992420166902,32.92,495.2199999999999,90.10238051358606,3.635,17.535,4.71,69.89,Water Year
WL2,high,2020.115818,38.8263,-120.25242,historic,1978,49.63916666666667,195.98999166666667,139.97833333333332,1.0575,13.856666666666667,7.457083333333334,12.799166666666666,5.84534564587048,29.46,1679.7400000000002,94.91329861976213,0.6400000000000001,16.615000000000002,3.61,211.89,Water Year
WL2,high,2020.115818,38.8263,-120.25242,historic,1979,51.100833333333334,170.77998333333335,92.02583333333334,0.2858333333333336,13.689166666666667,6.987500000000001,13.403333333333334,7.289089137508572,32,1104.3100000000002,104.36693832522705,-1.3199999999999998,15.545,26.88,260.21,Water Year
WL2,high,2020.115818,38.8263,-120.25242,historic,1980,49.25,175.21665000000002,130.08583333333334,0.9024999999999999,13.173333333333334,7.037916666666667,12.270833333333334,5.821891858374395,29.45,1561.0299999999997,108.44899225830868,1.2,15.59,25.78,108.79,Water Year
WL2,high,2020.115818,38.8263,-120.25242,historic,1981,55.625,34.2775,68.24416666666667,2.2266666666666666,15.325,8.775833333333333,13.098333333333333,6.37128317079254,31.18,818.9300000000002,102.32399015144173,2.705,18.335,0.85,110.19,Water Year
WL2,high,2020.115818,38.8263,-120.25242,historic,1982,47.605000000000004,329.49580833333334,185.22666666666666,0.8708333333333333,12.418333333333333,6.644583333333333,11.5475,6.218239468156026,30.49,2222.7199999999993,78.14945761015578,3.9999999999999996,15.895,10.2,365.39,Water Year
WL2,high,2020.115818,38.8263,-120.25242,historic,1983,46.7475,384.83413333333334,172.0525,0.5958333333333334,11.893333333333333,6.244583333333333,11.2975,6.199762993392765,27.25,2064.63,79.33773420088535,0.3800000000000001,14.17,33.26,261.47,Water Year
WL2,high,2020.115818,38.8263,-120.25242,historic,1984,49.08583333333333,331.7566333333333,127.60583333333332,1.8324999999999998,13.723333333333334,7.777916666666666,11.890833333333333,6.813488780064191,31.03,1531.27,131.02589323969252,1.81,17.055,15.96,197.96,Water Year
WL2,high,2020.115818,38.8263,-120.25242,historic,1985,51.85333333333333,132.60833333333332,84.06666666666666,1.2766666666666666,13.181666666666667,7.229166666666666,11.905,7.290555170696515,31.81,1008.8,115.59055278960973,1.4049999999999998,9.325000000000001,7.42,58.98,Water Year
WL2,high,2020.115818,38.8263,-120.25242,historic,1986,51.94333333333333,170.2424916666667,146.89665833333333,2.2858333333333336,13.924999999999999,8.105416666666667,11.639166666666666,5.960281589722744,29.619999999999997,1762.7598999999998,125.71123095044346,1.76,18.794999999999998,0.82,240.42,Water Year
WL2,high,2020.115818,38.8263,-120.25242,historic,1987,55.075833333333335,48.32416666666667,51.221666666666664,2.4008333333333334,14.949166666666667,8.675,12.548333333333334,6.616992931426287,31.57,614.66,122.42887476511765,0.8250000000000002,18.445,0.36,146.51,Water Year
WL2,high,2020.115818,38.8263,-120.25242,historic,1988,55.251666666666665,76.29166666666666,59.851666666666674,2.5425,14.998333333333333,8.770416666666666,12.455833333333334,7.16789098509753,32.66,718.22,104.33653035750396,-1.625,18.695,6.72,198.92,Water Year
WL2,high,2020.115818,38.8263,-120.25242,historic,1989,52.72916666666667,113.8325,105.91166666666668,1.995,14.016666666666667,8.005833333333333,12.021666666666667,7.008756157749239,31.310000000000002,1270.9399999999998,109.278933312482,3.045,18.405,0,120.31,Water Year
WL2,high,2020.115818,38.8263,-120.25242,historic,1990,51.61,37.185833333333335,76.04666666666667,1.8441666666666665,14.6275,8.235833333333334,12.783333333333333,6.270920199740637,33.339999999999996,912.5599999999998,75.51283435300427,1.0699999999999998,4.33,16.82,137.88,Water Year
WL2,high,2020.115818,38.8263,-120.25242,historic,1991,51.697500000000005,65.75166666666667,72.3075,1.6375,14.064166666666667,7.850833333333333,12.426666666666666,6.866352026477753,31.74,867.69,168.88934835664153,-1.3749999999999998,16.495,15.09,457.31,Water Year
WL2,high,2020.115818,38.8263,-120.25242,historic,1992,53.16916666666667,16.339166666666664,69.62916666666666,3.0949999999999998,15.263333333333334,9.179166666666667,12.168333333333333,6.118496485446751,29.31,835.5499999999997,86.92757782183308,2.2,15.18,15.43,71.94,Water Year
WL2,high,2020.115818,38.8263,-120.25242,historic,1993,49.35,344.1516416666667,129.69916666666666,1.1283333333333336,13.323333333333332,7.225833333333333,12.195,6.622711897613234,30.13,1556.39,109.88074546764403,-1.445,15.395,0.32,380.8,Water Year
WL2,high,2020.115818,38.8263,-120.25242,historic,1994,55.733333333333334,47.91833333333334,60.050000000000004,2.0541666666666667,15.055833333333332,8.555,13.001666666666667,7.0911112733413715,33.78,720.6,99.98153830640665,-0.9650000000000003,19.57,0.22,220.4,Water Year
WL2,high,2020.115818,38.8263,-120.25242,recent,1995,48.67,445.05580000000003,168.01915833333334,0.8316666666666663,12.849166666666667,6.840416666666667,12.0175,6.661068184312529,30.89,2016.2298999999998,112.9030486467983,1.2349999999999999,15.825000000000001,0.43,300.63,Water Year
WL2,high,2020.115818,38.8263,-120.25242,recent,1996,53.6625,174.65914999999998,131.76833333333335,2.589166666666667,15.076666666666666,8.832916666666666,12.4875,6.39722328199485,29.6,1581.2200000000003,107.13821459009773,1.78,11.135,4.65,280.72,Water Year
WL2,high,2020.115818,38.8263,-120.25242,recent,1997,50.527499999999996,262.56664166666667,140.72081666666665,2.183333333333333,14.538333333333334,8.360833333333334,12.355,6.052141932382036,29.17,1688.6498,147.3840418227235,1.055,17.48,2.76,572.3599,Water Year
WL2,high,2020.115818,38.8263,-120.25242,recent,1998,48.275,265.45164166666666,144.67416666666668,1.2724999999999997,12.858333333333334,7.065416666666668,11.585833333333333,6.943590392432347,31.6,1736.0899999999997,93.06573212378646,-1.14,18.69,5.1,444.34,Water Year
WL2,high,2020.115818,38.8263,-120.25242,recent,1999,50.355000000000004,173.098325,113.61833333333334,0.901666666666667,13.38,7.140833333333333,12.478333333333333,6.554751515064657,30.24,1363.42,108.83192529795787,-0.2200000000000002,15.719999999999999,6.6,391.12,Water Year
WL2,high,2020.115818,38.8263,-120.25242,recent,2000,54.165,109.74083333333334,105.47416666666666,2.625,15.393333333333333,9.009166666666667,12.768333333333333,6.270659612010284,28.91,1265.6899999999996,118.63378725750137,1.0850000000000002,16.675,6.06,368.24,Water Year
WL2,high,2020.115818,38.8263,-120.25242,recent,2001,59.3825,38.2825,66.915,2.2175,15.032499999999999,8.625,12.815,7.381639384310235,33.14,802.9800000000001,93.02911216584683,-0.8500000000000001,19.53,0.16,178.27,Water Year
WL2,high,2020.115818,38.8263,-120.25242,recent,2002,55.240833333333335,128.05583333333334,91.92833333333334,2.4466666666666668,15.216666666666667,8.831666666666667,12.77,7.225976289286682,32.769999999999996,1103.14,104.99710466835272,-0.29000000000000004,15.135,16.75,123.86,Water Year
WL2,high,2020.115818,38.8263,-120.25242,recent,2003,54.1325,112.98166666666665,101.76583333333333,2.779166666666667,14.880833333333333,8.83,12.101666666666667,7.126902297887657,31.69,1221.19,109.62008256059684,0.18500000000000005,9.950000000000001,13.91,339.28,Water Year
WL2,high,2020.115818,38.8263,-120.25242,recent,2004,54.420833333333334,135.98999999999998,78.71916666666667,2.5616666666666665,14.935,8.748333333333335,12.373333333333333,7.005750019329361,31.01,944.63,133.68098603419506,0.6799999999999999,17.615000000000002,3.9,244.51,Water Year
WL2,high,2020.115818,38.8263,-120.25242,recent,2005,49.90083333333334,91.05333333333333,128.28083333333333,1.951666666666667,13.681666666666667,7.816666666666666,11.73,6.5191219895896655,30.16,1539.3700000000003,73.99018454865123,1.57,20.035,0.02,279.65,Water Year
WL2,high,2020.115818,38.8263,-120.25242,recent,2006,50.59583333333333,246.89665,144.22166666666666,2.4574999999999996,14.650833333333333,8.554166666666667,12.193333333333333,7.273461359732047,33.57,1730.6599999999999,113.60871025440393,2.3249999999999997,17.36,3.03,312.31,Water Year
WL2,high,2020.115818,38.8263,-120.25242,recent,2007,57.586666666666666,38.329166666666666,70.88083333333333,2.9375,15.15,9.043750000000001,12.2125,6.755296617200731,31.49,850.5699999999998,115.61909218980583,1.7950000000000002,19.85,0.61,52.38,Water Year
WL2,high,2020.115818,38.8263,-120.25242,recent,2008,55.91416666666667,138.1525,68.18166666666666,2.4133333333333327,14.656666666666666,8.535,12.243333333333334,7.459967097173357,32.08,818.18,132.33802096594846,-0.7700000000000002,14.55,0.86,288.21,Water Year
WL2,high,2020.115818,38.8263,-120.25242,recent,2009,54.512499999999996,65.70916666666668,91.25,2.9025,15.135833333333334,9.019166666666667,12.233333333333334,6.876299160996062,30.75,1095,86.42089891715835,2.11,19.525,0.93,207.02,Water Year
WL2,high,2020.115818,38.8263,-120.25242,recent,2010,52.626666666666665,96.4225,96.27666666666667,1.7591666666666668,13.555833333333332,7.6575,11.796666666666667,6.624990394504186,30.310000000000002,1155.32,82.01222609005166,2.165,15.415,2.1,172.64,Water Year
WL2,high,2020.115818,38.8263,-120.25242,recent,2011,49.27333333333333,210.09331666666668,151.41333333333336,1.9825000000000002,13.1325,7.557500000000001,11.15,6.87362829290986,30.979999999999997,1816.9599999999998,93.18530838182066,0.9550000000000001,18.03,0.1,208.07,Water Year
WL2,high,2020.115818,38.8263,-120.25242,recent,2012,56.61666666666666,13.258333333333333,69.90333333333334,2.9950000000000006,15.104166666666666,9.049583333333333,12.109166666666667,6.853000158634349,31.080000000000002,838.8399999999999,117.72484590648105,1.9749999999999999,2.045,13.14,50.77,Water Year
WL2,high,2020.115818,38.8263,-120.25242,recent,2013,53.27333333333333,119.13250000000001,84.08583333333334,2.8025,14.786666666666667,8.794583333333334,11.984166666666667,6.883021422421636,31.71,1009.0299999999999,127.5259691480479,-0.5,17.17,5.66,396.99,Water Year
WL2,high,2020.115818,38.8263,-120.25242,recent,2014,57.19166666666667,16.08166666666667,70.19666666666667,3.47,15.554166666666667,9.512083333333333,12.084166666666667,6.18259266678093,30.700000000000003,842.36,116.24331596260475,2.485,14.934999999999999,18.43,42.17,Water Year
WL2,high,2020.115818,38.8263,-120.25242,recent,2015,54.108333333333334,16.16416666666667,65.29333333333334,4.178333333333333,15.930833333333332,10.054583333333333,11.7525,5.739043893420407,27.240000000000002,783.5200000000001,109.05017677192345,1.895,18.48,3.47,218.93,Water Year
WL2,high,2020.115818,38.8263,-120.25242,recent,2016,55.78666666666667,153.30083333333334,107.2925,3.0316666666666667,14.691666666666666,8.861666666666668,11.66,7.001034447375141,31.369999999999997,1287.5100000000002,106.4786596001785,0.75,18.740000000000002,2.48,269.43,Water Year
WL2,high,2020.115818,38.8263,-120.25242,recent,2017,50.40083333333333,436.40911666666665,203.93582500000002,2.9575000000000005,13.971666666666668,8.464583333333334,11.014166666666666,7.131640592309653,31.5,2447.2299000000007,113.12327300982189,-0.8300000000000001,19.884999999999998,1.05,722.09,Water Year
WL2,high,2020.115818,38.8263,-120.25242,recent,2018,57.958333333333336,24.18,90.54166666666667,3.54,15.4325,9.48625,11.8925,6.903729599742711,31.8,1086.4999999999998,143.52737763179567,0.9099999999999997,16.12,5.28,405.45,Water Year
WL2,high,2020.115818,38.8263,-120.25242,recent,2019,50.5725,191.17249166666664,134.9375,2.4408333333333334,13.570833333333333,8.005833333333333,11.13,6.930432832256889,32.69,1619.25,112.52085412979311,-3.175,18.47,0.07,520.14,Water Year
WL2,high,2020.115818,38.8263,-120.25242,recent,2020,54.9075,64.44833333333334,69.385,3.3633333333333337,14.964166666666666,9.16375,11.600833333333334,6.945645504722561,30.23,832.62,125.57352496303602,1.3149999999999997,17.740000000000002,4.04,216.23,Water Year
WL2,high,2020.115818,38.8263,-120.25242,recent,2021,62.3325,28.0225,52.21666666666667,3.9124999999999996,15.773333333333333,9.842916666666667,11.860833333333334,7.58171288464233,31.299999999999997,626.5999999999999,109.89658029285428,1.7349999999999999,14.245000000000001,5.8,93.27,Water Year
WL2,high,2020.115818,38.8263,-120.25242,recent,2022,56.042500000000004,87.71583333333335,108.65583333333332,3.9258333333333333,14.538333333333334,9.232083333333334,10.6125,6.656334460269383,28.57,1303.8700000000001,143.7178976566965,1.455,19.22,10.16,481.5,Water Year
WL2,high,2020.115818,38.8263,-120.25242,recent,2023,48.27916666666667,732.810775,204.38330833333333,1.9958333333333331,12.413333333333332,7.204583333333333,10.4175,7.7091764854187455,32.11,2452.5997000000007,122.16593775126923,0.17500000000000004,19.675,0.01,572.7899,Water Year
WL2,high,2020.115818,38.8263,-120.25242,recent,2024,54.93,133.573325,100.00083333333333,3.6725,13.988333333333333,8.830416666666666,10.315833333333334,7.513096582977722,31.380000000000003,1200.0099999999998,108.45075428994656,0.7050000000000003,16.53,5.52,226.47,Water Year
WL2,high,2020.115818,38.8263,-120.25242,recent,2025,54.82583340962725,111.73499844868984,109.28499891122183,3.554166618982951,14.182499925295515,8.868333272139234,10.628333306312564,6.902634860170125,27.81999969482425,1311.419986934662,120.00754606473,1.37000000476837,15.814999580383285,13.9899997711182,410.589996337891,Water Year
WL2_Garden,High,2020,38.82599,-120.25090,historic,1965,42.454166666666666,427.9291666666667,146.15,0.2791666666666664,12.870833333333334,6.575,12.591666666666667,6.089540585746558,29.35,1753.8,133.50469493641646,0.004999999999999893,16.064999999999998,11.95,702.92,Water Year
WL2_Garden,High,2020,38.82599,-120.25090,historic,1966,55.88666666666666,114.62416666666665,70.55333333333334,0.555833333333333,14.600833333333332,7.578333333333333,14.045,7.233095129439067,35.26,846.64,119.49096851955032,3.085,16,3.02,98.74,Water Year
WL2_Garden,High,2020,38.82599,-120.25090,historic,1967,37.72083333333333,239.49666666666667,143.19666666666666,0.6074999999999996,13.324166666666667,6.965833333333333,12.716666666666667,6.989791528082981,32.82,1718.3600000000001,98.34512810058109,0.8649999999999998,9.97,25.64,315.16,Water Year
WL2_Garden,High,2020,38.82599,-120.25090,historic,1968,51.845,99.6575,76.50250000000001,1.1191666666666666,13.931666666666667,7.525416666666667,12.8125,6.28735761029202,32.09,918.0300000000001,88.30873482400423,-0.125,17.810000000000002,1.37,149.1,Water Year
WL2_Garden,High,2020,38.82599,-120.25090,historic,1969,51.59166666666667,419.94166666666666,147.1208333333333,0.6291666666666669,12.866666666666667,6.747916666666668,12.2375,7.254359021347514,32.65,1765.4500000000003,128.2004660941658,-0.17500000000000004,16.745,5.71,322.72,Water Year
WL2_Garden,High,2020,38.82599,-120.25090,historic,1970,49.98166666666666,216.68833333333336,114.40499999999999,1.0958333333333332,13.690000000000001,7.392916666666666,12.594166666666666,6.349610388309927,30.67,1372.8600000000001,132.25133072557682,0.55,17.305,0.01,526.03,Water Year
WL2_Garden,High,2020,38.82599,-120.25090,historic,1971,42.65,209.81916666666666,111.51166666666667,0.2958333333333335,12.620833333333334,6.458333333333334,12.325000000000001,6.718544665643179,32.07,1338.1399999999999,108.40038801142666,-2.54,16.9,8.16,370.68,Water Year
WL2_Garden,High,2020,38.82599,-120.25090,historic,1972,51.89,139.44333333333333,82.85333333333332,0.28,13.415,6.8475,13.135,6.763609344398622,34.01,994.2400000000001,104.40118134265333,-3.6199999999999997,17.505,0.01,303.98,Water Year
WL2_Garden,High,2020,38.82599,-120.25090,historic,1973,47.10333333333333,286.15083333333337,110.04833333333333,0.2366666666666668,12.861666666666666,6.549166666666666,12.625,7.210540212183491,32.269999999999996,1320.5799999999997,102.386458065916,-1.595,16.88,6.08,174.8,Water Year
WL2_Garden,High,2020,38.82599,-120.25090,historic,1974,41.185,322.8125,140.52666666666667,0.49583333333333357,13.706666666666667,7.101249999999999,13.210833333333333,6.841992042792535,30.53,1686.32,95.30204447407144,1.02,15.55,8.87,209.23,Water Year
WL2_Garden,High,2020,38.82599,-120.25090,historic,1975,45.9425,200.86416666666668,107.46833333333333,-0.0758333333333329,13.011666666666667,6.4679166666666665,13.0875,6.889133887485202,30.689999999999998,1289.62,98.93750916792247,-0.915,16.275,1.95,163.7,Water Year
WL2_Garden,High,2020,38.82599,-120.25090,historic,1976,46.83083333333333,10.030833333333334,62.29083333333333,0.1350000000000001,13.518333333333334,6.826666666666667,13.383333333333333,5.714666670201784,30.349999999999998,747.4900000000001,87.45293843955209,6.785,11.705,19.07,111.91,Water Year
WL2_Garden,High,2020,38.82599,-120.25090,historic,1977,53.403333333333336,14.74,41.25833333333333,0.8549999999999995,14.875,7.865,14.02,6.517838459322092,32.92,495.1,89.90934036732882,3.545,17.46,4.75,69.75,Water Year
WL2_Garden,High,2020,38.82599,-120.25090,historic,1978,47.81,201.7241666666667,139.74666666666667,0.9791666666666667,13.7625,7.370833333333333,12.783333333333333,5.8472786340521195,29.46,1676.9599999999998,94.79131144194767,0.5449999999999999,16.53,3.7,211.69,Water Year
WL2_Garden,High,2020,38.82599,-120.25090,historic,1979,43.10583333333334,173.0075,91.94,0.20833333333333318,13.5975,6.902916666666666,13.389166666666666,7.290308466579367,31.990000000000002,1103.28,104.17558329908445,-1.4,15.465,27.43,259.62,Water Year
WL2_Garden,High,2020,38.82599,-120.25090,historic,1980,48.534166666666664,182.0216666666667,129.875,0.8333333333333334,13.076666666666668,6.955,12.243333333333334,5.823808891095243,29.439999999999998,1558.5000000000002,108.30474139218963,1.115,15.510000000000002,25.73,108.75,Water Year
WL2_Garden,High,2020,38.82599,-120.25090,historic,1981,57.44166666666666,35.33083333333333,68.09916666666666,2.1616666666666666,15.2275,8.694583333333334,13.065833333333334,6.3726116589715875,31.16,817.1899999999999,102.11886651908918,2.62,18.259999999999998,0.88,109.93,Water Year
WL2_Garden,High,2020,38.82599,-120.25090,historic,1982,37.89416666666666,334.65666666666664,184.63666666666666,0.8058333333333332,12.328333333333333,6.567083333333334,11.522499999999999,6.217605669801802,30.470000000000002,2215.64,78.01353908734414,3.925,15.815,10.47,362.89,Water Year
WL2_Garden,High,2020,38.82599,-120.25090,historic,1983,42.034166666666664,391.40583333333336,171.74916666666667,0.5291666666666662,11.799166666666666,6.1641666666666675,11.27,6.194656360464431,27.200000000000003,2060.9900000000002,79.17359341949883,0.29500000000000015,14.094999999999999,33.82,260.86,Water Year
WL2_Garden,High,2020,38.82599,-120.25090,historic,1984,45.2225,337.90500000000003,127.43416666666667,1.76,13.624166666666666,7.692083333333333,11.864166666666666,6.811148100501831,31,1529.2099999999998,130.96348460002363,1.735,16.97,16.36,197.24,Water Year
WL2_Garden,High,2020,38.82599,-120.25090,historic,1985,52.58416666666667,135.97083333333336,84.00333333333333,1.2108333333333334,13.092500000000001,7.151666666666666,11.881666666666666,7.293582276511483,31.78,1008.0399999999998,115.53913365392043,1.3350000000000002,9.245000000000001,7.6,58.9,Water Year
WL2_Garden,High,2020,38.82599,-120.25090,historic,1986,47.9925,175.1975,146.55166666666668,2.2250000000000005,13.835833333333333,8.030416666666667,11.610833333333334,5.9609175843128135,29.580000000000002,1758.6200000000001,125.53400798671652,1.675,18.725,0.83,240.25,Water Year
WL2_Garden,High,2020,38.82599,-120.25090,historic,1987,57.35666666666667,49.12416666666667,51.11083333333333,2.3375,14.859166666666667,8.598333333333333,12.521666666666667,6.6214411825019885,31.56,613.3299999999999,122.29256541823673,0.7399999999999998,18.384999999999998,0.37,146.29,Water Year
WL2_Garden,High,2020,38.82599,-120.25090,historic,1988,57.542500000000004,76.75416666666666,59.74666666666666,2.4733333333333336,14.915833333333333,8.694583333333334,12.442499999999999,7.16828287360792,32.64,716.9599999999998,104.32624635199761,-1.7000000000000002,18.62,6.8,198.82,Water Year
WL2_Garden,High,2020,38.82599,-120.25090,historic,1989,46.43416666666666,117.79249999999999,105.84916666666666,1.928333333333333,13.9325,7.930416666666667,12.004166666666666,7.011870927328537,31.3,1270.19,109.08634837329423,2.9699999999999998,18.34,0,120.15,Water Year
WL2_Garden,High,2020,38.82599,-120.25090,historic,1990,44.6325,37.82,76.05583333333333,1.7725,14.544166666666666,8.158333333333333,12.771666666666667,6.275161111054995,33.349999999999994,912.6699999999997,75.22557336093371,0.9950000000000001,4.260000000000001,17.06,137.89,Water Year
WL2_Garden,High,2020,38.82599,-120.25090,historic,1991,45.29666666666667,66.38,72.30166666666668,1.5650000000000002,13.977500000000001,7.77125,12.4125,6.865167390199204,31.73,867.6200000000001,168.74043817951113,-1.4600000000000002,16.405,15.49,456.97,Water Year
WL2_Garden,High,2020,38.82599,-120.25090,historic,1992,47.604166666666664,17.619999999999997,69.66,3.023333333333334,15.174166666666666,9.09875,12.150833333333333,6.114094791024781,29.28,835.9200000000001,86.5146204670893,2.12,15.1,15.86,71.82,Water Year
WL2_Garden,High,2020,38.82599,-120.25090,historic,1993,48.270833333333336,344.6933333333333,129.42583333333332,1.0516666666666667,13.234166666666667,7.142916666666666,12.182500000000001,6.624240765529056,30.12,1553.1099999999997,109.86580613726933,-1.5350000000000001,15.32,0.33,380.81,Water Year
WL2_Garden,High,2020,38.82599,-120.25090,historic,1994,57.45583333333333,48.99583333333334,59.92916666666667,1.9833333333333332,14.9675,8.475416666666666,12.984166666666667,7.09252790500914,33.78,719.1500000000001,99.94392642602479,-1.045,19.495,0.24,219.97,Water Year
WL2_Garden,High,2020,38.82599,-120.25090,recent,1995,40.91833333333334,453.64750000000004,167.64666666666668,0.7591666666666668,12.764166666666668,6.761666666666667,12.005,6.6625129484210985,30.87,2011.76,112.8534651302997,1.1550000000000002,15.755,0.44,300.56,Water Year
WL2_Garden,High,2020,38.82599,-120.25090,recent,1996,45.595,178.275,131.54916666666668,2.513333333333333,14.9925,8.752916666666666,12.479166666666668,6.395606253988796,29.590000000000003,1578.59,107.08407674175547,1.7049999999999998,11.055,4.75,280.2,Water Year
WL2_Garden,High,2020,38.82599,-120.25090,recent,1997,47.185833333333335,266.58,140.53,2.109166666666667,14.4475,8.278333333333334,12.338333333333333,6.0532689640817345,29.17,1686.3600000000001,147.1611278548664,0.9749999999999999,17.41,2.7,571.22,Water Year
WL2_Garden,High,2020,38.82599,-120.25090,recent,1998,35.145833333333336,268.62833333333333,144.25333333333333,1.195,12.774166666666666,6.984583333333334,11.579166666666667,6.9455127627756035,31.59,1731.0400000000002,92.97696924129248,-1.2199999999999998,18.61,5.19,443.4,Water Year
WL2_Garden,High,2020,38.82599,-120.25090,recent,1999,48.7975,178.76916666666665,113.41499999999999,0.8241666666666667,13.294166666666667,7.059166666666666,12.469999999999999,6.5560575158791234,30.24,1360.98,108.62131340061855,-0.30000000000000027,15.64,6.71,389.73,Water Year
WL2_Garden,High,2020,38.82599,-120.25090,recent,2000,48.425,111.87333333333333,105.10166666666666,2.5541666666666663,15.311666666666667,8.932916666666667,12.7575,6.273127195474842,28.91,1261.2200000000003,118.5116426201709,1.0050000000000001,16.61,6.26,367.02,Water Year
WL2_Garden,High,2020,38.82599,-120.25090,recent,2001,56.7775,39.98166666666667,66.75083333333333,2.14,14.945,8.5425,12.805,7.38814175800408,33.15,801.0099999999999,92.96518965682722,-0.94,19.47,0.17,177.77,Water Year
WL2_Garden,High,2020,38.82599,-120.25090,recent,2002,53.641666666666666,130.7816666666667,91.76583333333333,2.3691666666666666,15.1275,8.748333333333333,12.758333333333333,7.229833813421783,32.78,1101.1900000000003,104.93225363865712,-0.3700000000000001,15.055,17.21,123.44,Water Year
WL2_Garden,High,2020,38.82599,-120.25090,recent,2003,43.19583333333333,115.90666666666667,101.64583333333333,2.709166666666667,14.789166666666667,8.749166666666667,12.08,7.12954825590888,31.68,1219.7499999999998,109.44737147911351,0.10499999999999998,9.865,14.32,338.61,Water Year
WL2_Garden,High,2020,38.82599,-120.25090,recent,2004,57.38,140.12416666666667,78.67583333333333,2.4925,14.836666666666666,8.664583333333333,12.344166666666666,7.004094730400514,30.99,944.1100000000001,133.47983623175855,0.6099999999999999,17.525,3.94,243.83,Water Year
WL2_Garden,High,2020,38.82599,-120.25090,recent,2005,44.685833333333335,93.96916666666667,127.98,1.8866666666666667,13.59,7.738333333333333,11.703333333333333,6.519451780261245,30.13,1535.7599999999998,73.94353559814277,1.4900000000000002,19.96,0.02,278.81,Water Year
WL2_Garden,High,2020,38.82599,-120.25090,recent,2006,51.85166666666667,250.7075,143.7725,2.391666666666667,14.56,8.475833333333334,12.168333333333333,7.27200011042771,33.54,1725.2699999999998,113.53037663451288,2.255,17.285,3.1,310.85,Water Year
WL2_Garden,High,2020,38.82599,-120.25090,recent,2007,58.2725,39.645,70.67583333333333,2.8691666666666666,15.061666666666667,8.965416666666666,12.192499999999999,6.757337580307974,31.5,848.1100000000001,115.44075329259506,1.72,19.78,0.6,52.17,Water Year
WL2_Garden,High,2020,38.82599,-120.25090,recent,2008,57.29666666666667,139.255,68.06416666666667,2.3433333333333333,14.568333333333333,8.455833333333334,12.225000000000001,7.459993246808221,32.05,816.77,132.37127323059553,-0.8500000000000001,14.465,0.89,287.85,Water Year
WL2_Garden,High,2020,38.82599,-120.25090,recent,2009,49.97083333333333,68.13166666666666,91.1175,2.8341666666666665,15.044166666666667,8.939166666666667,12.21,6.875496290626899,30.71,1093.41,86.3138230014005,2.035,19.45,0.95,206.11,Water Year
WL2_Garden,High,2020,38.82599,-120.25090,recent,2010,48.583333333333336,99.06416666666667,96.1425,1.689166666666667,13.470833333333333,7.58,11.781666666666666,6.627626751985689,30.3,1153.7099999999998,81.92887230900813,2.09,15.34,2.16,172.16,Water Year
WL2_Garden,High,2020,38.82599,-120.25090,recent,2011,41.37,216.62583333333333,151.1775,1.9116666666666662,13.049166666666666,7.480416666666668,11.137500000000001,6.87545881389127,30.979999999999997,1814.1299999999999,93.06532599300303,0.885,17.96,0.11,207.93,Water Year
WL2_Garden,High,2020,38.82599,-120.25090,recent,2012,50.385000000000005,14.04,69.655,2.9349999999999996,15.020833333333332,8.977916666666665,12.085833333333333,6.855796306223241,31.049999999999997,835.86,117.50813663836486,1.9049999999999998,1.965,13.42,50.66,Water Year
WL2_Garden,High,2020,38.82599,-120.25090,recent,2013,52.67916666666667,120.14083333333333,83.87166666666667,2.7366666666666672,14.703333333333333,8.72,11.966666666666667,6.88534774984994,31.689999999999998,1006.4599999999999,127.48023714434686,-0.5750000000000002,17.1,5.8,396.08,Water Year
WL2_Garden,High,2020,38.82599,-120.25090,recent,2014,51.12166666666666,16.6875,70.12583333333333,3.3999999999999995,15.4675,9.43375,12.067499999999999,6.18666385534974,30.7,841.5099999999999,115.80528576547536,2.41,14.86,18.78,42.3,Water Year
WL2_Garden,High,2020,38.82599,-120.25090,recent,2015,54.520833333333336,16.979166666666664,65.15166666666667,4.11,15.848333333333333,9.979166666666666,11.738333333333333,5.741903324497792,27.24,781.8199999999999,108.69699721142605,1.8199999999999998,18.415,3.53,217.69,Water Year
WL2_Garden,High,2020,38.82599,-120.25090,recent,2016,54.160833333333336,156.57833333333332,106.94083333333333,2.965,14.610000000000001,8.7875,11.645,7.002857695904645,31.35,1283.2899999999997,106.22398891135215,0.6750000000000003,18.675,2.54,268.56,Water Year
WL2_Garden,High,2020,38.82599,-120.25090,recent,2017,45.98166666666667,439.55916666666667,203.43833333333333,2.8866666666666667,13.889166666666666,8.387916666666667,11.0025,7.129906750102102,31.49,2441.2599999999998,113.07849453211254,-0.905,19.814999999999998,1.08,720.75,Water Year
WL2_Garden,High,2020,38.82599,-120.25090,recent,2018,54.17666666666666,26.006666666666668,90.30416666666667,3.473333333333333,15.35,9.411666666666665,11.876666666666667,6.908634035930999,31.8,1083.65,143.49828021181875,0.8249999999999997,16.05,5.39,404.67,Water Year
WL2_Garden,High,2020,38.82599,-120.25090,recent,2019,47.8925,193.88833333333335,134.45333333333335,2.368333333333333,13.484166666666667,7.9262500000000005,11.115833333333333,6.930365373091483,32.68,1613.4399999999998,112.53198416873636,-3.25,18.4,0.08,518.46,Water Year
WL2_Garden,High,2020,38.82599,-120.25090,recent,2020,55.494166666666665,66.9675,69.23416666666667,3.283333333333333,14.876666666666667,9.08,11.593333333333334,6.945535845549873,30.220000000000002,830.81,125.49080356370663,1.2350000000000003,17.65,4.14,215.08,Water Year
WL2_Garden,High,2020,38.82599,-120.25090,recent,2021,60.861666666666665,29.430833333333332,52.12083333333334,3.8275000000000006,15.681666666666667,9.754583333333334,11.854166666666666,7.577702475724821,31.28,625.4499999999999,109.71159910314144,1.65,14.155000000000001,5.95,92.64,Water Year
WL2_Garden,High,2020,38.82599,-120.25090,recent,2022,50.69833333333334,90.55833333333332,108.64666666666668,3.8499999999999996,14.453333333333333,9.151666666666667,10.603333333333333,6.6535886876363515,28.56,1303.76,143.7505134870723,1.3900000000000001,19.145,10.26,481.73,Water Year
WL2_Garden,High,2020,38.82599,-120.25090,recent,2023,42.06166666666667,742.8683333333333,204.8275,1.9091666666666673,12.323333333333334,7.11625,10.414166666666667,7.708467636012656,32.1,2457.9300000000003,122.15236741887642,0.09499999999999975,19.585,0.01,574.42,Water Year
WL2_Garden,High,2020,38.82599,-120.25090,recent,2024,55.971666666666664,137.22083333333336,100.0275,3.590833333333334,13.903333333333332,8.747083333333334,10.3125,7.508929066098372,31.36,1200.33,108.39974850096796,0.6199999999999999,16.45,5.62,226.3,Water Year
WL2_Garden,High,2020,38.82599,-120.25090,recent,2025,49.04833388328551,116.88749979654949,109.40749948978421,3.4750000418225913,14.10249998251597,8.788750012169281,10.62749994069338,6.9010249604103,27.819999933242787,1312.8899938774105,119.96367554237852,1.2900000810623198,15.744999885559075,14.3299999237061,411.209991455078,Water Year
WV,mid,748.8570558,40.74084,-123.00364,historic,1965,49.818333333333335,55.6125,102.06166666666667,4.004166666666666,18.4025,11.203333333333333,14.398333333333333,6.710363536193758,33.46,1224.74,138.55667970952382,3.6300000000000003,21.725,0.19,204.63,Water Year
WV,mid,748.8570558,40.74084,-123.00364,historic,1966,58.35166666666667,41.38666666666667,67.81666666666666,3.986666666666667,18.916666666666668,11.451666666666666,14.93,7.511539405636121,35.620000000000005,813.8000000000001,121.95281529471443,6.83,19.63,4.07,221.4,Water Year
WV,mid,748.8570558,40.74084,-123.00364,historic,1967,52.278333333333336,29.26666666666667,87.75666666666666,4.341666666666667,18.765833333333333,11.55375,14.424166666666666,8.07108732254718,35.95,1053.0800000000002,114.44494091114414,2.62,22.849999999999998,7.15,274.28,Water Year
WV,mid,748.8570558,40.74084,-123.00364,historic,1968,55.43,64.56666666666666,77.21333333333334,3.9908333333333337,18.660833333333333,11.325833333333334,14.67,7.240415556046656,36.9,926.5599999999998,107.4142330883464,1.3800000000000001,22.825,0.03,164.06,Water Year
WV,mid,748.8570558,40.74084,-123.00364,historic,1969,48.06666666666667,201.01247500000002,101.35249999999999,3.9241666666666664,17.833333333333332,10.87875,13.909166666666668,8.288604204514225,36.23,1216.23,122.24648000098496,-0.0050000000000001155,21.384999999999998,1.88,350.34,Water Year
WV,mid,748.8570558,40.74084,-123.00364,historic,1970,52.465,52.79083333333333,99.35166666666666,4.046666666666667,19.181666666666665,11.614166666666668,15.135,7.02375121004482,34.33,1192.2199999999998,158.7750981477304,3.91,21.745,0.03,482.32,Water Year
WV,mid,748.8570558,40.74084,-123.00364,historic,1971,38.775,81.14333333333333,105.75583333333334,3.4716666666666667,17.7475,10.609583333333333,14.275833333333335,7.494759216925982,35.33,1269.07,113.2929778356873,6.75,22.105,10.25,271.69,Water Year
WV,mid,748.8570558,40.74084,-123.00364,historic,1972,50.932500000000005,47.34083333333332,78.9825,3.459166666666667,18.126666666666665,10.792916666666667,14.667500000000002,7.592471288398232,36.620000000000005,947.7900000000001,76.51415259450752,0.10499999999999998,22.355,0,153.91,Water Year
WV,mid,748.8570558,40.74084,-123.00364,historic,1973,41.9125,85.02083333333333,81.66333333333333,3.935833333333333,18.328333333333333,11.132083333333334,14.3925,7.872725777914688,36.61,979.96,99.73530792236308,1.1349999999999998,20.515,1.76,186.68,Water Year
WV,mid,748.8570558,40.74084,-123.00364,historic,1974,23.737499999999997,41.67583333333333,130.40249999999997,3.6591666666666667,18.665,11.162083333333333,15.005833333333333,7.490877924738418,36.14,1564.83,99.31957362581302,4.67,20.475,6.24,290.2,Water Year
WV,mid,748.8570558,40.74084,-123.00364,historic,1975,42.995,41.81833333333334,87.26833333333335,3.0683333333333334,18.355833333333333,10.712083333333332,15.2875,7.561480271845927,34.11,1047.22,120.1770963793683,4.14,20.235,8.23,119.62,Water Year
WV,mid,748.8570558,40.74084,-123.00364,historic,1976,40.44166666666666,0,63.11833333333333,3.359166666666667,18.1125,10.735833333333334,14.753333333333334,6.728100445598343,33.65,757.42,87.42384427118098,10.38,16.17,9.45,33.3,Water Year
WV,mid,748.8570558,40.74084,-123.00364,historic,1977,49.675,0.4858333333333333,38.19416666666667,3.785833333333333,19.925833333333333,11.855833333333333,16.14,7.0899512222111465,36.19,458.33000000000004,82.562350054936,17.080000000000002,21.770000000000003,10.38,70.41,Water Year
WV,mid,748.8570558,40.74084,-123.00364,historic,1978,23.072499999999998,12.559166666666666,112.84166666666667,4.512499999999999,18.565833333333334,11.539166666666667,14.053333333333333,6.21321715572878,30.82,1354.1000000000001,94.61577279138251,4.85,21.655,4.41,271.33,Water Year
WV,mid,748.8570558,40.74084,-123.00364,historic,1979,51.31583333333334,18.361666666666668,61.05416666666667,3.4366666666666665,19.000833333333333,11.21875,15.564166666666667,7.4948798052707,35.010000000000005,732.6499999999999,110.09693605626009,3.315,14.91,5.76,34.18,Water Year
WV,mid,748.8570558,40.74084,-123.00364,historic,1980,43.14,1.989166666666667,90.505,4.1625,18.583333333333336,11.372916666666667,14.420833333333333,6.445200983654192,32.25,1086.0600000000002,90.4075692023598,6.2700000000000005,20.685,0.03,161.48,Water Year
WV,mid,748.8570558,40.74084,-123.00364,historic,1981,55.6275,0,66.95583333333333,4.694166666666667,20.255,12.474583333333335,15.560833333333335,6.5802429695170686,33.39,803.47,97.63794781853596,5.43,22.145000000000003,0,166.07,Water Year
WV,mid,748.8570558,40.74084,-123.00364,historic,1982,18.83833333333333,33.42833333333333,117.25083333333333,3.535833333333333,17.93,10.732916666666666,14.394166666666667,6.761865146921485,34.44,1407.01,93.39336794248523,4.61,14.504999999999999,1.86,142.17,Water Year
WV,mid,748.8570558,40.74084,-123.00364,historic,1983,20.610833333333336,57.38916666666667,156.96833333333333,4.007499999999999,17.399166666666666,10.703333333333333,13.391666666666667,6.587579681537528,31.15,1883.6200000000003,84.85464773802931,5.78,16.765,88.17,287.31,Water Year
WV,mid,748.8570558,40.74084,-123.00364,historic,1984,50.855000000000004,23.232499999999998,89.30666666666666,4.4775,19.168333333333333,11.822916666666666,14.690833333333334,7.055488984514543,34.730000000000004,1071.6799999999998,133.47732167024893,3.2800000000000002,21.355,4.63,344.28,Water Year
WV,mid,748.8570558,40.74084,-123.00364,historic,1985,49.175,13.544999999999998,72.13,3.643333333333334,18.68,11.161666666666665,15.036666666666667,7.462545974681993,36.13,865.5600000000001,153.31229560440562,4.234999999999999,23.580000000000002,5.08,59.78,Water Year
WV,mid,748.8570558,40.74084,-123.00364,historic,1986,38.674166666666665,0,102.7025,4.26,19.25583333333333,11.757916666666667,14.995833333333334,6.797585285945074,36.98,1232.4299999999998,109.64034014269889,6.055,21.96,0,101.15,Water Year
WV,mid,748.8570558,40.74084,-123.00364,historic,1987,52.277499999999996,11.622499999999999,58.135,4.008333333333334,20.225833333333334,12.117083333333333,16.2175,7.149309711857543,36.96,697.62,114.27676877748033,2.11,20.615000000000002,0,179.39,Water Year
WV,mid,748.8570558,40.74084,-123.00364,historic,1988,45.80833333333334,58.04999999999999,67.9025,4.155833333333333,20.131666666666668,12.143749999999999,15.975833333333334,7.438869698170794,36.339999999999996,814.83,138.10032128894778,1.8200000000000003,19.095,1.59,318.81,Water Year
WV,mid,748.8570558,40.74084,-123.00364,historic,1989,49.02583333333333,4.381666666666666,89.24166666666667,3.8225000000000002,18.986666666666668,11.404583333333333,15.164166666666667,7.3212270637985934,34.84,1070.9,122.17517438179998,5.680000000000001,20.885,0,87.91,Water Year
WV,mid,748.8570558,40.74084,-123.00364,historic,1990,29,6.419166666666666,59.16833333333334,4.385,19.684166666666666,12.034583333333332,15.299166666666668,6.866813293705172,36.58,710.02,98.16438824915087,12.49,5.755,13.39,85.86,Water Year
WV,mid,748.8570558,40.74084,-123.00364,historic,1991,45.04166666666667,1.9983333333333335,47.6875,3.825833333333333,19.5625,11.694166666666668,15.736666666666666,7.6575835356893505,38.82,572.25,136.26449734599043,4.085,21.685000000000002,14.02,51.38,Water Year
WV,mid,748.8570558,40.74084,-123.00364,historic,1992,41.9675,0,63.0375,5.5975,20.85333333333333,13.225416666666666,15.255833333333333,6.997039782629291,35.15,756.4499999999999,83.60123110373763,6.67,23.345,0,66.54,Water Year
WV,mid,748.8570558,40.74084,-123.00364,historic,1993,28.62333333333333,95.035,102.40416666666667,4.0649999999999995,17.955833333333334,11.010416666666666,13.890833333333333,7.064025204041484,33.6,1228.8499999999997,84.8437701441964,0.6050000000000002,19.47,8.32,279.29,Water Year
WV,mid,748.8570558,40.74084,-123.00364,historic,1994,59.537499999999994,2.9775,47.31999999999999,4.804166666666666,20.075000000000003,12.439583333333333,15.270833333333334,7.205430230777762,35.77,567.8399999999999,101.79435566889467,3.175,21.240000000000002,0.03,148.16,Water Year
WV,mid,748.8570558,40.74084,-123.00364,recent,1995,27.521666666666665,72.93166666666667,126.62166666666667,4.2058333333333335,17.982499999999998,11.094166666666666,13.776666666666667,6.992654533454546,33.23,1519.46,130.32095676798102,3.59,20.335,14.4,179.49,Water Year
WV,mid,748.8570558,40.74084,-123.00364,recent,1996,25.446666666666665,16.06666666666667,101.075,5.025833333333333,20.131666666666668,12.57875,15.105833333333333,6.612785180308603,33.55,1212.9,118.66141998774971,5.12,22.18,16.1,284.63,Water Year
WV,mid,748.8570558,40.74084,-123.00364,recent,1997,31.355833333333333,56.01416666666667,103.69499166666667,4.945833333333334,19.038333333333334,11.992083333333333,14.0925,6.535933006476697,31.23,1244.3399,140.70791108288444,3.835,21.12,20.96,259.56,Water Year
WV,mid,748.8570558,40.74084,-123.00364,recent,1998,23.701666666666668,38.62166666666667,140.61333333333334,5.255,17.70583333333333,11.480416666666667,12.450833333333332,7.198853273054653,33.849999999999994,1687.36,106.47556875144404,3.54,22.79,0.26,99.63,Water Year
WV,mid,748.8570558,40.74084,-123.00364,recent,1999,54.73416666666667,17.058333333333334,89.53333333333333,4.08,18.263333333333332,11.171666666666665,14.183333333333334,7.130411607822489,32.769999999999996,1074.4,124.87506056775555,5.77,20.525,6.48,86.29,Water Year
WV,mid,748.8570558,40.74084,-123.00364,recent,2000,49.70166666666667,7.265,86.67916666666667,5.519166666666667,19.4525,12.485833333333334,13.933333333333334,6.633941593095772,32.34,1040.15,107.80776537836522,5.11,22.03,0.11,241.32,Water Year
WV,mid,748.8570558,40.74084,-123.00364,recent,2001,53.66416666666667,0.9541666666666668,53.91166666666667,4.929166666666667,19.77,12.349583333333333,14.840833333333332,7.369441960596884,33.56,646.9399999999999,78.95929663636285,3.54,22.45,5.69,134.11,Water Year
WV,mid,748.8570558,40.74084,-123.00364,recent,2002,58.13916666666667,40.76666666666667,82.52666666666667,5.034166666666667,19.9825,12.508333333333333,14.948333333333332,7.478805608740833,35.129999999999995,990.3199999999999,123.109356363113,2.38,19.645,4.18,282.35,Water Year
WV,mid,748.8570558,40.74084,-123.00364,recent,2003,51.789166666666674,17.36,106.84333333333333,5.413333333333334,20.03,12.721666666666666,14.616666666666665,7.131746672874787,34.01,1282.1200000000001,136.08825485931155,4.245,13.73,0.1,513.78,Water Year
WV,mid,748.8570558,40.74084,-123.00364,recent,2004,57.3,32.55333333333333,84.54249999999999,5.291666666666667,19.895,12.593333333333334,14.603333333333332,7.208566662890296,32.940000000000005,1014.51,131.79656254474344,3.625,15.45,0.6,175.34,Water Year
WV,mid,748.8570558,40.74084,-123.00364,recent,2005,31.15666666666667,4.208333333333334,99.27416666666666,5.131666666666667,19.12,12.125833333333333,13.988333333333333,6.662902327382747,33.61,1191.2899999999997,83.47060579866641,4.605,23.432499999999997,0,132.87,Water Year
WV,mid,748.8570558,40.74084,-123.00364,recent,2006,32.175,78.04916666666665,130.2783333333333,5.047499999999999,19.163333333333334,12.105416666666667,14.115833333333333,7.766164215929758,35.12,1563.3400000000001,116.08354869911494,3.815,24.28,0.07,241.73,Water Year
WV,mid,748.8570558,40.74084,-123.00364,recent,2007,50.30916666666667,1.6275000000000002,60.54666666666667,4.996666666666666,19.782500000000002,12.389583333333334,14.785833333333334,6.818746038523417,34.43,726.5599999999998,130.50090562722502,4.16,22.02,19.8,25.45,Water Year
WV,mid,748.8570558,40.74084,-123.00364,recent,2008,57.09583333333333,67.1525,73.18416666666667,4.43,18.931666666666665,11.680833333333334,14.501666666666665,7.411617671949323,33.98,878.21000000000015,135.36938336591442,1.6949999999999998,21.869999999999997,0.22,320.65,Water Year
WV,mid,748.8570558,40.74084,-123.00364,recent,2009,34.94083333333333,3.2675000000000005,69.72166666666666,4.921666666666667,19.785,12.353333333333333,14.863333333333333,7.240255624986698,35.46,836.66,84.13390722201602,4.295,23.13,1.21,114.79,Water Year
WV,mid,748.8570558,40.74084,-123.00364,recent,2010,39.83583333333333,10.3,97.57166666666667,4.519166666666667,17.689999999999998,11.104583333333334,13.170833333333333,6.944895593931277,34.61,1170.8600000000001,99.77596643200347,5.03,22.965,0.24,127.64,Water Year
WV,mid,748.8570558,40.74084,-123.00364,recent,2011,27.04583333333333,3.3649999999999998,109.38416666666667,4.52,17.706666666666667,11.113333333333333,13.186666666666667,6.950366024806742,33.56,1312.61,102.50687673177582,4.7700000000000005,21.79,0.08,89.76,Water Year
WV,mid,748.8570558,40.74084,-123.00364,recent,2012,44.38,4.4174999999999995,73.65583333333333,4.359166666666667,19.098333333333333,11.72875,14.739166666666666,7.319385258898578,36.019999999999996,883.8699999999998,122.06808834204178,4.65,21.7975,0,204.41,Water Year
WV,mid,748.8570558,40.74084,-123.00364,recent,2013,52.586666666666666,52.63916666666667,76.91083333333333,4.882499999999999,19.419166666666666,12.150833333333333,14.536666666666667,7.258477123440919,36.919999999999995,922.9300000000001,145.588991633708,2.28,23.994999999999997,4.34,373.78,Water Year
WV,mid,748.8570558,40.74084,-123.00364,recent,2014,54.66916666666666,0,43.6875,4.852500000000001,20.93,12.89125,16.0775,7.1814600709048015,38.38,524.25,155.08620178481422,8.49,22.93,3.17,10.18,Water Year
WV,mid,748.8570558,40.74084,-123.00364,recent,2015,44.06333333333333,0,70.44416666666666,6.331666666666666,21.04,13.685833333333333,14.708333333333332,6.1759636102515625,30.65,845.3299999999999,120.94781443006944,5.72,21.79,29.52,283.09,Water Year
WV,mid,748.8570558,40.74084,-123.00364,recent,2016,54.19,66.81166666666667,91.78333333333333,5.899166666666667,19.7975,12.848333333333333,13.898333333333332,7.391327022363112,34.07,1101.3999999999996,143.1668446623145,3.745,23.77,0.01,305.46,Water Year
WV,mid,748.8570558,40.74084,-123.00364,recent,2017,34.5575,77.34416666666667,123.9925,5.56,18.683333333333334,12.121666666666666,13.123333333333335,8.13446297420966,36.85,1487.91,95.55059041475413,1.9549999999999998,23.71,5.2,185.89,Water Year
WV,mid,748.8570558,40.74084,-123.00364,recent,2018,56.568333333333335,0,50.45166666666667,5.3375,19.689166666666665,12.513333333333334,14.351666666666667,7.176156014992648,35.38,605.4200000000001,118.91954080693931,6.825,22.165,0.11,9.04,Water Year
WV,mid,748.8570558,40.74084,-123.00364,recent,2019,34.80416666666667,28.743333333333332,102.00416666666668,5.197500000000001,18.96666666666667,12.082083333333333,13.769166666666667,7.066213612013583,34.04,1224.0500000000002,107.20898459009665,1.8000000000000003,21.24,8.16,361.36,Water Year
WV,mid,748.8570558,40.74084,-123.00364,recent,2020,55.6425,3.024166666666667,47.780833333333334,6.083333333333333,19.8525,12.967916666666667,13.769166666666667,7.41069634144805,33.45,573.3699999999999,126.0955342322213,4.015,21.715,0.66,124.81,Water Year
WV,mid,748.8570558,40.74084,-123.00364,recent,2021,61.2525,0.2308333333333333,41.64416666666666,6.539166666666667,20.495,13.517083333333334,13.955833333333333,8.058464059138332,35.27,499.72999999999996,121.7790526302229,4.305,23.285,0.79,74.35,Water Year
WV,mid,748.8570558,40.74084,-123.00364,recent,2022,46.84,8.320833333333335,63.88583333333334,5.506666666666666,19.635833333333334,12.57125,14.129166666666666,7.253636431285533,33.92,766.6300000000001,112.08080082256696,3.0650000000000004,24.4,1.39,223.88,Water Year
WV,mid,748.8570558,40.74084,-123.00364,recent,2023,44.14833333333333,83.18333333333334,100.71166666666667,5.0875,18.365833333333335,11.726666666666667,13.278333333333334,8.318049195829659,35.78,1208.54,118.165455513116,3.125,24.075,0,300.34,Water Year
WV,mid,748.8570558,40.74084,-123.00364,recent,2024,48.405833333333334,2.4699999999999998,92.73416666666667,6.400833333333334,19.49,12.945416666666667,13.089166666666667,7.563595963661409,35.25,1112.81,114.88928819936704,5.035,20.13,3.06,256.94,Water Year
WV,mid,748.8570558,40.74084,-123.00364,recent,2025,38.91000040054321,5.809166666666665,98.5733330124617,6.194999979535734,19.860833218892413,13.027916599214073,13.66583323935668,7.799436222178713,33.709998130798326,1182.8799961495404,129.14091151522635,4.805,20.59499979019165,8.01000022888184,256.809997558594,Water Year
YO11,high,2872.295032,37.93844,-119.23157,historic,1965,51.34666666666667,380.88411666666667,86.98083333333334,-5.424166666666667,8.085833333333333,1.3308333333333329,13.51,5.85135719817258,29.3,1043.77,123.88734091230334,-4.33,9.8,17.96,143.89,Water Year
YO11,high,2872.295032,37.93844,-119.23157,historic,1966,59.9075,170.38583333333332,48.11333333333334,-4.828333333333333,10.136666666666667,2.654166666666667,14.965,7.368223800190719,34.81,577.3600000000001,144.20011087063014,-1.8999999999999997,11.899999999999999,15.44,54.78,Water Year
YO11,high,2872.295032,37.93844,-119.23157,historic,1967,45.72,329.5416416666667,94.49416666666666,-4.780833333333334,9.5575,2.3883333333333328,14.338333333333333,6.920238216253611,34.45,1133.9299999999998,95.3502066869087,-4.075,4.984999999999999,21.1,172.86,Water Year
YO11,high,2872.295032,37.93844,-119.23157,historic,1968,59.37583333333333,87.59333333333333,40.105,-4.110833333333334,10.451666666666666,3.1704166666666667,14.5625,6.391435127764675,33.98,481.25999999999993,85.99278580321966,-1.9650000000000003,8.9,23.01,86.01,Water Year
YO11,high,2872.295032,37.93844,-119.23157,historic,1969,52.955,374.7332916666667,96.6075,-5.3566666666666665,9.424999999999999,2.0341666666666667,14.781666666666666,7.497539545905992,36.5,1159.29,129.30633570394016,-4.715,9.34,6.97,207.15,Water Year
YO11,high,2872.295032,37.93844,-119.23157,historic,1970,56.69083333333334,183.005,59.37500000000001,-4.760000000000001,9.941666666666666,2.5908333333333333,14.701666666666666,6.7492662339671945,33.019999999999996,712.5000000000001,133.04481090261112,-4.9,4.91,1.98,280.36,Water Year
YO11,high,2872.295032,37.93844,-119.23157,historic,1971,51.55916666666667,223.67416666666668,67.74583333333334,-5.381666666666667,9.375833333333334,1.997083333333333,14.7575,6.722649456850846,34.51,812.9499999999999,98.22286910503821,-7.455,7.050000000000001,36.9,204.22,Water Year
YO11,high,2872.295032,37.93844,-119.23157,historic,1972,55.2025,162.4625,51.843333333333334,-5.598333333333334,9.544166666666666,1.9729166666666669,15.1425,6.844582615049833,36.07,622.1200000000001,126.29017529556474,-8.58,12.645,1.44,235.34,Water Year
YO11,high,2872.295032,37.93844,-119.23157,historic,1973,55.76083333333333,194.85499166666665,59.2825,-5.885,8.676666666666666,1.3958333333333335,14.561666666666667,7.396510182429811,33.760000000000005,711.39,90.42477248569728,-6.09,8.135,7.33,141.92,Water Year
YO11,high,2872.295032,37.93844,-119.23157,historic,1974,51.225833333333334,274.91831666666667,79.27250000000001,-4.945833333333333,10.012500000000001,2.533333333333334,14.958333333333334,6.76289587425835,31.59,951.2700000000002,96.73593245633434,-3.025,9.91,16.22,137.31,Water Year
YO11,high,2872.295032,37.93844,-119.23157,historic,1975,53.2125,166.67165833333334,65.11416666666666,-5.546666666666667,9.030000000000001,1.7416666666666665,14.576666666666666,6.8055623417818145,32.45,781.3699999999999,93.89311425492272,-5.3549999999999995,11.935,2.16,99.22,Water Year
YO11,high,2872.295032,37.93844,-119.23157,historic,1976,52.715,37.41166666666667,43.35666666666667,-5.1125,9.903333333333332,2.3954166666666663,15.015833333333333,5.777364316621352,32.11,520.28,74.05471363578415,2.695,7.51,51.36,69.74,Water Year
YO11,high,2872.295032,37.93844,-119.23157,historic,1977,54.012499999999996,21.829166666666666,27.384999999999998,-4.785,10.49,2.8525,15.275,6.646997784372622,34.06,328.61999999999995,85.73873765443739,-0.5150000000000001,-2.0599999999999996,10.58,30.93,Water Year
YO11,high,2872.295032,37.93844,-119.23157,historic,1978,52.9625,332.46746666666667,99.32583333333334,-4.704166666666667,9.5475,2.421666666666667,14.251666666666667,5.9602197691838255,31.5,1191.91,93.61787188365207,-2.325,11.275,9.42,220.7,Water Year
YO11,high,2872.295032,37.93844,-119.23157,historic,1979,58.104166666666664,212.020825,62.55333333333333,-5.335,9.474166666666667,2.0695833333333327,14.809166666666666,7.412869478246272,33.42,750.6400000000001,106.75833299022241,-7.43,8.285,11.57,197.49,Water Year
YO11,high,2872.295032,37.93844,-119.23157,historic,1980,50.899166666666666,349.37914166666667,96.12166666666667,-4.72,9.2225,2.2512499999999998,13.9425,6.069123841589118,32.44,1153.46,114.26303094922851,-3.8450000000000006,11.18,11,95.59,Water Year
YO11,high,2872.295032,37.93844,-119.23157,historic,1981,61.36416666666667,99.77000000000001,49.290000000000006,-3.2966666666666664,11.161666666666667,3.9324999999999997,14.458333333333334,6.438791000293033,32.24,591.48,106.924193655643,-3,10.584999999999999,3.56,147.74,Water Year
YO11,high,2872.295032,37.93844,-119.23157,historic,1982,43.43083333333334,329.2208083333333,119.36,-4.68,8.885,2.1024999999999996,13.565000000000001,6.363736216749061,33.69,1432.3200000000002,60.559394237749316,-1.7750000000000004,4.109999999999999,41.35,203.31,Water Year
YO11,high,2872.295032,37.93844,-119.23157,historic,1983,48.20583333333333,446.6407916666667,118.93833333333333,-5.296666666666667,8.108333333333333,1.4058333333333326,13.405,6.428585604842474,29.259999999999998,1427.26,79.69337808257531,-4.945,9.579999999999998,52.55,247.31,Water Year
YO11,high,2872.295032,37.93844,-119.23157,historic,1984,51.699999999999996,314.144125,81.29,-3.5799999999999996,9.898333333333333,3.1591666666666667,13.478333333333333,6.616283574132335,31.97,975.4800000000001,122.88340285429096,-3.6449999999999996,6.42,51.2,94.52,Water Year
YO11,high,2872.295032,37.93844,-119.23157,historic,1985,56.60166666666667,165.77,56.68666666666667,-4.3116666666666665,9.015,2.351666666666666,13.326666666666666,7.558857036415604,33.730000000000004,680.24,102.07378123221095,-2.7900000000000005,12.845,31.55,51.35,Water Year
YO11,high,2872.295032,37.93844,-119.23157,historic,1986,56.4125,315.29746666666665,96.40833333333333,-3.463333333333333,9.688333333333333,3.1125,13.151666666666667,6.0560418741797175,30.200000000000003,1156.9,134.08411753328318,-3.83,10.459999999999999,7.52,477.87,Water Year
YO11,high,2872.295032,37.93844,-119.23157,historic,1987,57.115,57.24333333333333,36.053333333333335,-4.473333333333333,10.648333333333333,3.0875000000000004,15.121666666666666,7.111233590722371,35.32,432.64000000000004,104.27521516194321,-5.945,13.370000000000001,1.12,90.73,Water Year
YO11,high,2872.295032,37.93844,-119.23157,historic,1988,61.12083333333334,122.47583333333333,47.25333333333334,-4.406666666666667,10.695833333333333,3.1445833333333333,15.1025,7.2027297408480475,36.58,567.04,98.7917762901238,-5.24,-2.6200000000000006,15.05,114.53,Water Year
YO11,high,2872.295032,37.93844,-119.23157,historic,1989,52.84583333333333,146.10083333333336,61.88916666666667,-4.399166666666667,9.561666666666667,2.58125,13.960833333333333,6.941000427302838,34.53,742.67,85.60586635748417,-1.13,7.265,0.12,41.09,Water Year
YO11,high,2872.295032,37.93844,-119.23157,historic,1990,53.65416666666667,60.64,46.0525,-4.315833333333334,9.831666666666667,2.7579166666666666,14.1475,6.104911010569253,33.64,552.6300000000001,76.12062084156669,-4.935,-1.1600000000000001,48.18,105.9,Water Year
YO11,high,2872.295032,37.93844,-119.23157,historic,1991,57.06333333333333,106.8425,50.07,-4.789166666666667,10.094999999999999,2.6529166666666666,14.884166666666667,6.98306472778423,34.99,600.84,197.2554473529599,-6.255000000000001,13.15,7.72,37.26,Water Year
YO11,high,2872.295032,37.93844,-119.23157,historic,1992,55.524166666666666,66.14166666666668,47.03916666666667,-2.9466666666666663,11.175,4.114166666666667,14.121666666666666,6.257949066199845,32.76,564.4700000000001,84.11987425036402,-2.9299999999999997,9.944999999999999,27.47,32.86,Water Year
YO11,high,2872.295032,37.93844,-119.23157,historic,1993,55.36,248.269975,74.68083333333333,-4.25,9.659166666666668,2.7045833333333333,13.909166666666668,6.955801521795031,32.35,896.1700000000001,124.87686268333569,-6.62,11.73,0,225.45,Water Year
YO11,high,2872.295032,37.93844,-119.23157,historic,1994,60.712500000000006,71.63000000000001,40.4475,-3.331666666666667,10.95,3.8091666666666675,14.281666666666666,7.136562654047922,35.08,485.37,100.05547853867036,-5.765,14.51,5.02,156.94,Water Year
YO11,high,2872.295032,37.93844,-119.23157,recent,1995,47.82333333333333,374.561625,100.38416666666667,-4.370833333333333,8.8975,2.2633333333333336,13.268333333333333,6.710390969958231,31.95,1204.6100000000001,111.44258320714854,-5.265,10.685,5.57,197.98,Water Year
YO11,high,2872.295032,37.93844,-119.23157,recent,1996,48.28333333333333,225.512475,78.86333333333333,-2.67,11.560833333333333,4.445416666666667,14.230833333333333,6.359549175821898,30.96,946.36,105.52628449631558,-2.9699999999999998,6.67,33.73,234.68,Water Year
YO11,high,2872.295032,37.93844,-119.23157,recent,1997,54.37583333333333,371.60915,94.88083333333333,-3.2641666666666667,10.444166666666666,3.59,13.708333333333334,6.209355478191392,31.799999999999997,1138.57,146.242298804409,-4.359999999999999,1.025,7.29,418.83,Water Year
YO11,high,2872.295032,37.93844,-119.23157,recent,1998,45.181666666666665,283.55580833333335,84.10583333333334,-4.516666666666667,8.993333333333332,2.2383333333333333,13.51,7.103888926411215,34.12,1009.2700000000001,110.0508159591918,-6.42,14.16,2.52,321.79,Water Year
YO11,high,2872.295032,37.93844,-119.23157,recent,1999,58.553333333333335,188.62165833333333,62.299166666666665,-4.256666666666667,9.624166666666667,2.6837500000000003,13.880833333333333,6.5439653411646095,31.83,747.5900000000001,101.55521073568488,-2.625,8.56,12.38,60.17,Water Year
YO11,high,2872.295032,37.93844,-119.23157,recent,2000,58.60583333333334,118.04583333333332,58.93416666666667,-2.5308333333333337,11.651666666666667,4.560416666666667,14.182500000000001,6.3593411816910335,30.3,707.21,126.07587678871054,-3.485,12.594999999999999,24.47,232.41,Water Year
YO11,high,2872.295032,37.93844,-119.23157,recent,2001,56.28333333333333,86.325,52.53,-3.460833333333333,10.880833333333333,3.71,14.341666666666667,7.464949308723951,35.21,630.3600000000001,91.87472434720695,-6.32,10.975000000000001,9.09,152.48,Water Year
YO11,high,2872.295032,37.93844,-119.23157,recent,2002,62.50666666666667,161.09583333333336,54.6125,-3.3874999999999997,11.38,3.9962500000000007,14.7675,7.303106165125283,35.15,655.3499999999999,111.30232672203451,-5.355,13.255,10.6,213.92,Water Year
YO11,high,2872.295032,37.93844,-119.23157,recent,2003,54.42916666666666,162.28666666666666,60.468333333333334,-3.033333333333333,11.056666666666665,4.011666666666667,14.09,7.168582443023462,33.79,725.6199999999999,99.94113377012589,-5.279999999999999,11.295,30.68,206.78,Water Year
YO11,high,2872.295032,37.93844,-119.23157,recent,2004,61.318333333333335,143.53916666666666,48.685,-3.0241666666666664,10.993333333333332,3.984583333333333,14.0175,7.0640760376111125,33.07,584.2200000000001,118.50495245277578,-5.88,8.83,11.21,174.93,Water Year
YO11,high,2872.295032,37.93844,-119.23157,recent,2005,50.829166666666666,275.0808166666667,96.07249999999999,-3.705,9.844999999999999,3.0700000000000003,13.55,6.710946620667947,33.45,1152.8700000000001,83.40052541605228,-4.06,15.565,3.79,269.54,Water Year
YO11,high,2872.295032,37.93844,-119.23157,recent,2006,53.214999999999996,279.2841416666667,88.79333333333334,-2.6516666666666673,10.5725,3.9604166666666663,13.224166666666667,7.258004815478916,35.19,1065.52,114.37325129288334,-1.8800000000000001,9.69,22.82,176.33,Water Year
YO11,high,2872.295032,37.93844,-119.23157,recent,2007,61.48916666666667,71.97999999999999,42.0375,-2.0258333333333334,11.265,4.619583333333334,13.290833333333333,6.915236621973162,34.74,504.45000000000005,106.38259480912954,-2.655,11.215,9.27,31.46,Water Year
YO11,high,2872.295032,37.93844,-119.23157,recent,2008,61.634166666666665,198.89749166666667,60.03666666666667,-2.6108333333333333,10.730833333333333,4.06,13.341666666666667,7.385870724812097,33.41,720.44,157.19901684502994,-5.88,10.35,11.38,307.16,Water Year
YO11,high,2872.295032,37.93844,-119.23157,recent,2009,58.47666666666667,130.01916666666665,63.20166666666667,-2.1900000000000004,10.808333333333334,4.309166666666666,12.998333333333333,6.741347597049304,31.21,758.4200000000001,85.07379497944858,-4.0600000000000005,12.56,5.51,142.91,Water Year
YO11,high,2872.295032,37.93844,-119.23157,recent,2010,55.959999999999994,203.8375,71.19333333333334,-3.2733333333333334,9.58,3.1533333333333338,12.853333333333333,6.967932826799342,31.95,854.3200000000002,93.98167886324063,-3.3299999999999996,11.05,7.31,146.11,Water Year
YO11,high,2872.295032,37.93844,-119.23157,recent,2011,48.96,347.3174916666667,103.01500000000001,-2.879166666666667,9.443333333333333,3.282083333333333,12.3225,6.728489786765382,32.63,1236.18,101.19731145366909,-2.2249999999999996,12.969999999999999,13.45,154.81,Water Year
YO11,high,2872.295032,37.93844,-119.23157,recent,2012,61.839166666666664,45.385000000000005,36.736666666666665,-1.7558333333333331,11.056666666666667,4.6504166666666675,12.8125,6.904768266249495,31.060000000000002,440.84,108.42752200733766,-0.5700000000000003,-3.51,31.72,0.81,Water Year
YO11,high,2872.295032,37.93844,-119.23157,recent,2013,63.16,131.96083333333334,48.71166666666667,-1.9766666666666668,10.525833333333333,4.274583333333333,12.5025,6.93669408368324,32.5,584.54,168.52890697901557,-4.930000000000001,11.219999999999999,14.67,308.44,Water Year
YO11,high,2872.295032,37.93844,-119.23157,recent,2014,57.96083333333333,42.79333333333334,40.553333333333335,-1.5349999999999997,11.004166666666668,4.734583333333333,12.539166666666667,6.045063146648651,30.36,486.64000000000004,75.08773739848344,-1.6500000000000001,10.63,38.41,35.05,Water Year
YO11,high,2872.295032,37.93844,-119.23157,recent,2015,55.409166666666664,31.245833333333334,36.8025,-0.6233333333333334,11.637500000000001,5.507083333333334,12.260833333333334,5.687029284550356,27.95,441.63000000000005,87.55302135837968,-2.49,7.865,7.61,97,Water Year
YO11,high,2872.295032,37.93844,-119.23157,recent,2016,61.740833333333335,197.54082499999998,66.23583333333333,-1.774166666666667,10.455,4.340416666666667,12.229166666666666,7.056526462764593,31.770000000000003,794.83,97.23069649474287,-4.175,14.42,3.08,171.67,Water Year
YO11,high,2872.295032,37.93844,-119.23157,recent,2017,55.25083333333333,459.7699666666666,139.28165833333333,-1.9291666666666667,9.948333333333334,4.0095833333333335,11.8775,7.047299114597454,32.86,1671.3799000000001,124.847191287293,-6.02,15.370000000000001,1.91,582.4199,Water Year
YO11,high,2872.295032,37.93844,-119.23157,recent,2018,53.33333333333333,62.7025,57.625,-1.221666666666667,11.530833333333334,5.154583333333333,12.752500000000001,6.8353554334442,32.61,691.5,143.3766259342692,-3.855,11.54,34.87,295.14,Water Year
YO11,high,2872.295032,37.93844,-119.23157,recent,2019,53.04083333333333,228.95999166666667,86.16416666666667,-2.6566666666666667,9.384166666666667,3.363749999999999,12.040833333333333,7.1124574211858596,34.67,1033.9699999999998,121.72998696635793,-8.2,14.45,1.71,355.19,Water Year
YO11,high,2872.295032,37.93844,-119.23157,recent,2020,60.40416666666667,76.98166666666667,41.166666666666664,-1.913333333333333,10.886666666666667,4.486666666666667,12.8,7.1019595033961425,32.14,494,115.76320060978783,-3.665,4.055,11.1,91.19,Water Year
YO11,high,2872.295032,37.93844,-119.23157,recent,2021,61.14,101.72416666666666,42.065000000000005,-1.0074999999999998,10.709166666666667,4.850833333333334,11.716666666666667,7.583501779680957,31.130000000000003,504.78,122.3988393456943,-3.5549999999999997,8.605,41.32,71.29,Water Year
YO11,high,2872.295032,37.93844,-119.23157,recent,2022,59.26,128.27,56.213333333333324,-1.2533333333333334,9.696666666666667,4.221666666666666,10.95,6.760843927059744,30.189999999999998,674.56,163.29307874491843,-3.245,-2.4400000000000004,3.56,5.25,Water Year
YO11,high,2872.295032,37.93844,-119.23157,recent,2023,51.94333333333333,596.9491,132.38333333333333,-3.328333333333333,7.134166666666667,1.9029166666666664,10.4625,7.821064348148453,32.28,1588.5999999999997,127.9679635765225,-6.83,14.68,1.5,404.33,Water Year
YO11,high,2872.295032,37.93844,-119.23157,recent,2024,58.325833333333335,154.758325,58.690000000000005,-1.5683333333333331,9.625,4.028333333333333,11.193333333333333,7.1063628125956555,31.020000000000003,704.2800000000001,111.42402562341391,-4.72,12.025,21.23,192.29,Water Year
YO11,high,2872.295032,37.93844,-119.23157,recent,2025,57.191666520436584,135.65083353678384,57.929166653950986,-1.795000060796737,10.266666673819232,4.235833306511248,12.061666734615969,6.51950527425582,29.179999351501507,695.1499998474119,102.11648046364313,-2.7049999237060494,13.19500041007998,39.2400016784668,19.1700000762939,Water Year
